Date,Close,High,Low,Open,Volume,ret,vol_z,ret_z,label,TranAD_Score
2023-08-21,248.5124664306641,261.64198630571326,248.5124664306641,261.592076341765,74715306,,1.898400414157748,,0,
2023-08-22,236.0818634033203,236.0818634033203,236.0818634033203,236.0818634033203,7281398,-0.0500200380523444,-0.6132750699421445,-2.3217463857174176,0,
2023-08-23,224.3002319335937,224.30023193359372,224.30023193359372,224.30023193359372,4289046,-0.0499048563065556,-0.7247296390321828,-2.3164663468207047,0,
2023-08-24,213.11767578125,213.11767578125,213.11767578125,213.11767578125,27673350,-0.0498553035631921,0.1462532953921288,-2.31419480274394,0,
2023-08-25,214.16603088378903,223.751090108265,202.48425042804325,202.48425042804325,281040100,0.0049191372733208,9.583272049533836,0.1967167673297488,0,
2023-08-28,210.8212432861328,221.903967202166,207.226857457848,213.0178301776218,87522120,-0.0156177316442455,2.37540911359761,-0.7447125013343628,0,
2023-08-29,219.90708923339844,221.3548286580761,206.92732914243732,211.66993379105776,92693420,0.043097392870101,2.568021818632083,1.946843692208985,0,
2023-08-30,230.88995361328125,230.88995361328125,224.35014863690407,224.54983419842816,21403170,0.0499432029143278,-0.0872888179745392,2.260662023972169,0,
2023-08-31,233.136459350586,242.42198304838664,230.79011201685617,241.32368956557008,124122100,0.0097297682387142,3.738629416424289,0.4172405876716855,0,
2023-09-01,244.768310546875,244.768310546875,233.8353620653572,234.63411956193613,39481020,0.0498928877477602,0.5860474011014076,2.2583555297030284,0,
2023-09-04,253.05538940429688,266.534385890434,248.6123208537168,254.9025151512389,99246730,0.0338568290924035,2.81210952695097,1.5232476107322774,0,
2023-09-05,254.6529083251953,259.59519848002003,252.606096982481,256.599869266789,47127070,0.0063129219443185,0.870835824385462,0.2606091595322559,0,
2023-09-06,252.45632934570312,259.3954902078186,245.66691361089175,246.61543145409348,225413100,-0.0086257761355983,7.511362289327966,-0.424194724868088,0,
2023-09-07,251.4079742431641,256.89939602790463,250.85882749418025,251.6076598150584,43856830,-0.0041526196045711,0.749030906374143,-0.2191410480623219,0,
2023-09-08,252.8057861328125,254.60298673323,249.1115497644741,253.60454364800165,36090000,0.0055599345798651,0.459743853632493,0.2260915148671371,0,
2023-09-11,249.76052856445312,257.29879204605777,249.6107681975475,256.5499597414651,24982850,-0.0120458380915361,0.0460416497913612,-0.5809735619385457,0,
2023-09-12,243.8697204589844,251.60765427088663,240.5249300720847,251.35804350276075,39500710,-0.0235858249473096,0.5867807842279191,-1.1099773467721556,0,
2023-09-13,239.82601928710932,247.41419261567373,236.2316334222884,244.4188634441402,27810990,-0.0165813991350154,0.1513799004471333,-0.7888879199296928,0,
2023-09-14,242.17236328125,244.16924936852476,240.87438427751505,241.6232165602431,14055230,0.0097835255787308,-0.3609736940851892,0.4197048743894056,0,
2023-09-15,239.0272674560547,244.2690936303983,237.27999206460683,243.42042615271447,27416100,-0.0129870138052983,0.1366716392572849,-0.6241179364509456,0,
2023-09-18,232.8369140625,240.47501246547327,231.7386358586629,239.62632978679895,24694410,-0.0258981055150655,0.0352982760477874,-1.215974449474929,0,
2023-09-20,229.29244995117188,231.63879731105115,228.6434680354772,230.04128227006535,18317600,-0.0152229474677572,-0.2022154291309638,-0.7266152256472378,0,
2023-09-21,227.29556274414065,235.2331974767013,226.4468952609017,229.64191009345632,33101550,-0.0087089095496012,0.3484346202945954,-0.4280056382775493,0,
2023-09-22,227.44532775878903,231.8883962436854,225.99758839652372,227.59508812090792,38327550,0.0006588998607814,0.5430847076053595,0.0014235019482959,0,
2023-09-25,229.3922882080078,230.49058164490975,227.14579137027977,229.64189896775537,13392150,0.008560125056882,-0.3856710878651397,0.3636230508558177,0,
2023-09-26,230.0412750244141,231.33925404995327,229.64190389426292,230.74019735472655,8058261,0.0028291570805456,-0.5843396603021709,0.1009101216183453,0,
2023-09-27,226.9960327148437,230.84002930283367,226.64657155455748,230.84002930283367,10984320,-0.0132378083422081,-0.475354271892977,-0.6356145924609563,0,
2023-09-28,224.6996154785156,228.49370218355244,224.4000795111384,227.64501948182223,9143582,-0.0101165522976911,-0.5439152769477495,-0.4925332976882353,0,
2023-09-29,230.84002685546875,232.53737696951,224.64968307983085,225.5482757181375,12411230,0.0273272001995938,-0.4222069018040749,1.2239233185103129,0,
2023-10-03,231.0397186279297,233.5358262848219,230.1910511656056,231.1395690282182,13185430,0.0008650656265343,-0.3933706795315924,0.0108743333703267,0,
2023-10-04,224.3002319335937,229.6419085081217,223.1520284850661,229.6419085081217,23296540,-0.029170251480393,-0.0167674563573212,-1.3659726792666969,0,
2023-10-05,225.049057006836,227.54516462774157,223.8509283958076,225.54827853101705,13894930,0.0033384944223506,-0.3669443043025477,0.1242586214857561,0,
2023-10-06,224.74954223632807,227.2955598890971,223.35171279055868,226.14735644706528,7531900,-0.0013308865830919,-0.6039447530321711,-0.0897901686542022,0,
2023-10-09,219.3080139160156,222.65280428971707,218.5092716491904,222.65280428971707,9696908,-0.0242115212612562,-0.5233058329731388,-1.1386598506927377,0,
2023-10-10,219.80723571777344,223.55139722944364,219.4078645838748,220.65591842109825,10451280,0.0022763500195164,-0.4952081338409544,0.0755689291870128,0,
2023-10-11,224.74954223632807,227.3454850898446,220.25654839963147,221.65436261036865,11765080,0.0224847307797475,-0.4462737127332464,1.001939993654262,0,
2023-10-12,224.7994537353516,227.0459506690228,224.40008259671183,226.64657953038304,7780605,0.0002220760875724,-0.5946813680408539,-0.0186009081503422,0,
2023-10-13,224.2003936767578,225.54828267579717,221.65436080964065,223.6512469430608,10137210,-0.0026648643875222,-0.5069061347827247,-0.1509409581869101,0,
2023-10-16,224.4499969482422,225.5982003426033,223.6512394745411,224.5498321105601,10850720,0.0011133043407776,-0.4803304011820543,0.0222538280801693,0,
2023-10-17,220.60598754882807,232.63722927734528,220.15669122598555,231.1395647111821,34190040,-0.0171263508651351,0.3889770377337254,-0.8138690166491156,0,
2023-10-18,215.6636962890625,222.5529471598393,215.2143999688,221.2549833979768,27712060,-0.0224032507670339,0.1476951065057529,-1.0557670408999829,0,
2023-10-19,213.8665008544922,215.6637014132759,208.72452517869772,215.6637014132759,42127110,-0.0083333238996398,0.6846049306712775,-0.4107884409928414,0,
2023-10-20,213.8665008544922,216.6621444753744,212.6683722269804,215.16447988222663,11101460,0.0,-0.4709912196106228,-0.0287810835972552,0,
2023-10-23,206.27835083007807,213.86650925921387,203.93200344792493,213.66682368595315,17817780,-0.03548077886951,-0.2208319631224805,-1.6552531537473825,0,
2023-10-25,209.8227996826172,211.47023984686464,206.1784886646399,206.2783390630907,22079260,0.0171828446285129,-0.0621068475325311,0.7588965763771618,0,
2023-10-26,215.51394653320312,216.66214998982747,206.12857236958283,207.67616220223093,23734030,0.0271235864700809,-0.0004724952594287,1.2145894748151147,0,
2023-10-27,222.55294799804688,225.24875639983884,216.11299342327763,219.2580981470243,20929440,0.0326614661281761,-0.1049335913885707,1.4684510550490404,0,
2023-10-30,218.65902709960932,225.84781398464497,217.81034441639724,224.15046385325252,13508660,-0.0174966044416167,-0.3813315008631158,-0.8308417867011837,0,
2023-10-31,218.65902709960932,222.85248484629412,215.2144016375123,221.6543562379602,17538200,0.0,-0.2312453330823625,-0.0287810835972552,0,
2023-11-01,217.3111267089844,221.70428533005503,214.96479465043072,215.66370174797797,15862620,-0.0061643939813694,-0.2936547845358968,-0.3113626660640057,0,
2023-11-02,217.01161193847656,219.2581088933882,216.3626147882604,218.15981539919616,13261560,-0.0013782762762485,-0.390535105259306,-0.0919625564875013,0,
2023-11-03,218.70895385742188,220.3064536015735,217.31112444187823,218.6590286577539,8569115,0.0078214336264481,-0.5653121486865847,0.3297607451697246,0,
2023-11-06,216.81190490722656,220.35638082577063,216.4125337762774,220.0568448600427,11494090,-0.0086738513295254,-0.4563671354581495,-0.4263985366975044,0,
2023-11-07,216.86183166503903,218.45934667037457,216.16292456334185,217.56073876673628,7558170,0.0002302768283588,-0.6029662880888773,-0.0182249785267916,0,
2023-11-08,213.8165740966797,217.560735552272,213.46712816851024,217.46090038780872,17101600,-0.0140423860896969,-0.247507144815979,-0.6724971885101515,0,
2023-11-09,214.8150177001953,217.3610505435077,214.51549697100845,214.51549697100845,17250090,0.004669626794526,-0.2419764154886205,0.185278973744046,0,
2023-11-10,221.6044311523437,222.60287419897293,214.01627313898092,214.51549466229557,18467210,0.031605860357603,-0.1966429837496849,1.4200610997653418,0,
2023-11-13,224.40008544921875,225.5482889136778,221.90397771340983,222.6528100341525,12086990,0.0126155162256351,-0.4342836994140332,0.5495259729356524,0,
2023-11-15,223.801010131836,226.99604017363257,222.8524922535042,226.59665380089183,15782000,-0.0026696750858339,-0.2966575954886319,-0.15116148509447,0,
2023-11-16,226.59664916992188,228.94299645234528,223.5014848283569,225.148909781526,17856030,0.0124916283283933,-0.2194072853881451,0.5438468359179863,0,
2023-11-17,220.45623779296875,225.6481388251244,220.0568514150906,225.6481388251244,19607100,-0.0270984209141967,-0.1541860974074218,-1.2709980294036018,0,
2023-11-20,215.1644744873047,221.40474346895508,214.71517816763225,221.40474346895508,20403360,-0.0240036905221687,-0.1245282178586141,-1.1291326953366605,0,
2023-11-21,219.857162475586,222.80256650528997,216.21285133909268,217.06151881339665,25625460,0.0218097713363836,0.0699766081929629,0.9709992218309328,0,
2023-11-22,221.55450439453125,223.05216895394005,218.15980415388395,219.35793275440463,15012270,0.0077202029710257,-0.3253273260102,0.3251202372966268,0,
2023-11-23,220.9055328369141,222.90241900945117,219.25810783858395,222.15358669474972,11267950,-0.0029291733850804,-0.4647900537024007,-0.1630571297061123,0,
2023-11-24,226.14735412597656,227.4952583571641,220.15669573853347,221.554509934924,31420610,0.0237287913152102,0.2858255277258705,1.058968891524507,0,
2023-11-28,225.99758911132807,231.93832217632985,224.94922086808504,227.6949392391812,25668670,-0.0006622452658237,0.0715860284518029,-0.0591390256371638,0,
2023-11-29,225.69805908203125,228.9929242609359,223.85093330801485,228.9929242609359,14007700,-0.0013253682504961,-0.3627440191234365,-0.0895372031295726,0,
2023-11-30,229.04283142089844,231.43910390121928,222.3033407791127,225.69805631747585,45432210,0.0148196770165911,0.8077082608608693,0.6505667640015621,0,
2023-12-01,225.1489105224609,231.23941929579533,224.49992862605427,231.0896436954485,17634910,-0.017000841608013,-0.2276432263192886,-0.8081155549789221,0,
2023-12-04,229.74176025390625,231.63879602388195,227.54517327599865,229.3922990796848,21079660,0.0203991648051398,-0.0993384256564959,0.9063356998299829,0,
2023-12-05,242.1224365234375,245.61698715367268,229.0428266419732,230.6403415955219,60847480,0.0538895334302669,1.3818727559659216,2.4415655037791404,0,
2023-12-06,246.6653594970703,251.2082784390283,242.6216620820301,244.5186977903048,45262700,0.0187629161463236,0.8013946105929689,0.8313285317750538,0,
2023-12-07,248.7620849609375,250.30967476746704,244.71840271279007,248.61232459435135,23000400,0.0085002834128886,-0.0277976279715978,0.3608798539563042,0,
2023-12-08,243.8697204589844,250.1099896621313,239.6263374008444,248.61232505337608,19056790,-0.019666841523383,-0.1746832060082612,-0.930327483226588,0,
2023-12-11,245.21762084960932,246.615435035148,242.67158800770568,244.4687885569925,8875953,0.0055271330450048,-0.5538835142644148,0.2245878618468769,0,
2023-12-12,240.17547607421875,246.91496658734985,237.9289792365084,245.66691278862183,12749590,-0.0205619186660445,-0.4096041839429057,-0.9713586561476448,0,
2023-12-13,239.3767242431641,242.02259226487337,234.9835808620156,241.62322113387157,13774940,-0.0033257010420491,-0.3714135090435386,-0.1812343281682285,0,
2023-12-14,238.228515625,243.3704911910233,237.67936890556263,242.52180851234445,14352890,-0.0047966594153812,-0.3498869078263063,-0.248664435026285,0,
2023-12-15,237.2799835205078,242.22228878066403,236.0319297144142,239.62633076997656,26225280,-0.0039816060726554,0.0923177898559446,-0.2113016278990377,0,
2023-12-18,239.77609252929688,241.82290383021865,237.23007493806176,240.6247752163965,17001750,0.010519677942296,-0.2512262055159369,0.4534507868767625,0,
2023-12-19,237.92898559570312,240.42509325987325,237.52959922841663,239.92587172703924,13053450,-0.0077034658214227,-0.398286469528392,-0.3819151579077631,0,
2023-12-20,231.7386474609375,247.81357208126,229.6918360778595,238.52804829012427,44628840,-0.0260175872194254,0.7777855588626205,-1.221451602492062,0,
2023-12-21,237.62945556640625,238.3283626828304,228.6434677508699,230.49059356252093,17015300,0.0254200504318629,-0.2507215157564533,1.136497790389414,0,
2023-12-22,236.3813934326172,239.376722599662,234.23474695691456,238.3782795439804,10871310,-0.0052521356446078,-0.4795634962264997,-0.2695438911447347,0,
2023-12-26,234.33457946777344,237.62944456121684,233.33613642339856,236.88061227793568,11865880,-0.0086589470309862,-0.4425192678804096,-0.4257153097202051,0,
2023-12-27,233.6356811523437,236.8806211683485,232.63723807049607,235.632567316039,12430460,-0.0029824805072178,-0.4214906520568521,-0.1655007780153945,0,
2023-12-28,232.9866943359375,235.98202351839208,232.18793684027656,234.6341192922747,10533950,-0.0027777726980967,-0.4921289676109542,-0.1561167806882342,0,
2023-12-29,232.5873107910156,234.83380770509828,231.88840368697416,233.53582866328853,11614920,-0.0017141903577808,-0.4518666436767183,-0.1073611719911752,0,
2024-01-01,234.1848297119141,236.03194028664845,232.93677584991815,232.9867010514045,7919961,0.0068684698037284,-0.5894908480318071,0.2860759927234068,0,
2024-01-02,234.98358154296875,235.63256344148544,231.6387911797653,234.6341203760554,9216592,0.0034107752924783,-0.541195911682813,0.1275720441392208,0,
2024-01-03,234.1349029541016,235.63256757854143,233.1863850722961,235.0334956347525,9864949,-0.003611650581264,-0.5170468977795322,-0.1943425223461473,0,
2024-01-04,241.024154663086,242.87128046464088,236.4313256123794,238.47813698395944,32808930,0.0294242832745654,0.3375355562783543,1.320055566981242,0,
2024-01-05,243.2706451416016,247.8135641053822,241.1239986595562,244.1193278354513,29722060,0.009320603080865,0.2225605247022007,0.3984840743558997,0,
2024-01-08,242.0225982666016,246.5155921594348,239.92587692429888,246.46568219309592,21118010,-0.0051302814372591,-0.097910023274489,-0.2639579803728263,0,
2024-01-09,241.77297973632807,244.2690873744692,241.12399784442425,243.52025508302685,10689240,-0.0010313852179975,-0.4863449622419361,-0.0760607461099684,0,
2024-01-10,240.57485961914065,241.9227638853856,238.92743461375895,241.62322791121647,11798540,-0.0049555583857801,-0.4450274456223742,-0.2559485123651706,0,
2024-01-11,251.15835571289065,253.00546623965863,240.2753171778816,242.62166447151608,45792810,0.04399252735928,0.8211393403641724,1.987877493948012,0,
2024-01-12,254.6529083251953,258.94621657783284,253.3050040852285,254.60298312463505,46763290,0.0139137421981669,0.8572863010862065,0.60903786507399,0,
2024-01-15,266.3346862792969,269.2801054945912,256.6497764083877,257.5983095034999,68617370,0.0458733341430515,1.6712737829263185,2.074095435059274,0,
2024-01-16,248.4625701904297,257.59831841219807,246.11622282405747,253.70439643718956,70456850,-0.0671039748466155,1.739787931913384,-3.104890018112987,0,
2024-01-17,242.17236328125,246.61543177842992,241.772976922776,246.61543177842992,28318080,-0.0253165171090303,0.1702672163243655,-1.189313893284258,0,
2024-01-19,245.8666076660156,248.76208649477,245.01792495670884,245.467236529302,16563070,0.0152546076468487,-0.2675654899211198,0.6705043906576281,0,
2024-01-23,240.0257110595703,247.663809785552,239.62633992038263,247.4641242159581,13184700,-0.0237563639157519,-0.393397869459594,-1.1177950125022056,0,
2024-01-24,239.3767242431641,241.17392480273645,236.7308562214548,239.62633500879824,15276800,-0.0027038220761489,-0.3154745155248735,-0.1527268150504811,0,
2024-01-25,239.47657775878903,242.27220618223444,238.52804464901405,240.02570926230223,12352490,0.0004171396193204,-0.4243947598462935,-0.0096590135132532,0,
2024-01-29,250.6092071533203,254.0039074510258,239.6263335330553,241.62321964583077,41148260,0.0464873412620108,0.6481462169391418,2.1022420953547973,0,
2024-01-30,247.31434631347656,253.5546155242276,246.71528961026385,252.75585801824496,15292450,-0.0131474053857406,-0.3148916081642892,-0.6314704364294871,0,
2024-01-31,247.86349487304688,250.2098422075499,245.71684834278167,247.26442293039815,15183900,0.0022204476519702,-0.3189347132116645,0.0730063124022041,0,
2024-02-01,252.00701904296875,254.30344109875108,248.8120043386346,250.60920487077,24323320,0.0167169601640779,0.0214764810037477,0.737539997027336,0,
2024-02-02,253.40484619140625,256.8993815907536,250.20983151555177,252.1068671944877,30218950,0.0055467786323806,0.2410679265169434,0.2254884339365117,0,
2024-02-05,288.64990234375,295.2396328073523,255.3018941202635,255.9508912673789,211028600,0.1390859594126381,6.975590345026075,6.34704931084453,0,
2024-02-06,270.5281677246094,285.2552033184998,265.63577220211243,285.2552033184998,86635610,-0.0627810176688009,2.342389739525305,-2.906721620062046,0,
2024-02-07,268.0819702148437,275.2707726656142,266.9836767195781,273.02427570850654,30963700,-0.0090423024350493,0.2688072400501795,-0.4432886797959546,0,
2024-02-08,262.3908386230469,269.9790123965279,261.54218635073795,269.57964124425325,21948920,-0.0212290725379102,-0.0669615533075187,-1.0019416132769958,0,
2024-02-09,272.574951171875,275.8698010309821,257.9976766269122,263.9883348944259,51120880,0.0388127596309058,1.019591175553201,1.7504320993288598,0,
2024-02-12,271.0273742675781,280.6623434694493,267.28321288316727,275.6701282902349,47043870,-0.0056776196699052,0.8677369175228031,-0.2890484765989163,0,
2024-02-13,272.3253479003906,274.9712159472981,263.28945028640527,270.02894102271193,31220100,0.0047890868452684,0.2783572366798159,0.1907551341391086,0,
2024-02-14,272.574951171875,274.57183726104626,268.13186743544355,269.47977163964686,21374190,0.000916562756309,-0.0883682208697298,0.0132350099377576,0,
2024-02-15,273.6233215332031,278.5656271053566,272.57496845792963,274.57185467373864,19477720,0.0038461727932845,-0.1590050465647633,0.1475310725776595,0,
2024-02-16,271.4766540527344,276.3191088474153,270.5780614187879,274.8713542643449,14337050,-0.0078453381401857,-0.3504768920174664,-0.38841871761946,0,
2024-02-19,273.5733947753906,276.66857431394243,271.4766582834643,272.8245624904215,18390280,0.0077234660563074,-0.199508355203343,0.325269820176214,0,
2024-02-20,281.26141357421875,288.8495562217219,273.1740189419449,273.77309085360656,55688590,0.0281022166104278,1.1897222797074778,1.259450795253861,0,
2024-02-21,289.6483459472656,294.0414894408235,282.759094733497,283.55783701593845,64130100,0.0298189938906558,1.504138785358968,1.3381494705909651,0,
2024-02-22,302.37847900390625,304.8246461556779,290.6467733519622,291.24584526649966,75689290,0.0439503046875962,1.9346778865341905,1.985941967209056,0,
2024-02-23,333.4300842285156,346.45975444842003,304.8746055776588,305.32388668899654,270077100,0.1026911879671443,9.174938925311125,4.67867896662806,0,
2024-02-26,327.28961181640625,347.4581731346618,325.242815800621,339.9199404745069,107359700,-0.0184160719219955,3.114289075142629,-0.8729910355028396,0,
2024-02-27,318.0041198730469,338.1726822068672,316.0571436857983,328.7872929114854,57002010,-0.0283708727931398,1.238642547154034,-1.329328412998689,0,
2024-02-28,307.8199768066406,321.94797018779855,305.57347996837274,319.5017725536592,48176150,-0.032025192222264,0.9099103581772676,-1.4968458316195374,0,
2024-02-29,309.5173645019531,321.4986818375126,307.5204782793599,311.5142507245464,81356670,0.0055142220232793,2.145767823737267,0.2239960085419965,0,
2024-03-01,317.4050598144531,321.0993115239054,311.0649399471818,313.011916207311,37623310,0.0254838539517554,0.516854248843834,1.1394226033836312,0,
2024-03-04,322.0977478027344,330.98388523385347,320.1008616173114,329.4363106281767,24183880,0.0147845405836455,0.0162828322906568,0.6489560770704516,0,
2024-03-05,321.1991577148437,327.3894866577541,319.0025707050613,323.49556465865373,18301430,-0.0027898055606431,-0.2028177046594397,-0.1566683783554554,0,
2024-03-06,325.8418884277344,333.380121104485,320.84967328549874,322.4471882250268,53717380,0.0144543676450497,1.116301652342791,0.6338206409257002,0,
2024-03-07,333.380126953125,336.8746776139965,323.6952476893194,328.4877621219177,35988720,0.0231346514770229,0.4559715304708332,1.0317329659511405,0,
2024-03-11,355.0962829589844,359.2897561733639,331.93242128592857,336.37547480562097,121739300,0.0651393237033375,3.649878511708619,2.9572664059912843,0,
2024-03-12,361.28662109375,373.9169194898483,358.19144156737804,359.4394953707487,111054000,0.0174328440815603,3.251888734069563,0.7703567849996898,0,
2024-03-13,327.68902587890625,366.328754183818,323.99477435311013,363.1337546602172,99102080,-0.0929942966421818,2.806721824094196,-4.291726571012737,0,
2024-03-14,337.8232116699219,340.96830117976344,317.5048895319613,327.48932002038777,74698600,0.0309262288043805,1.897778174517753,1.388906154058695,0,
2024-03-15,344.2132568359375,348.3068796174845,335.9261913394435,339.4706521369652,55087410,0.0189153526024112,1.1673304428361642,0.8383163614168738,0,
2024-03-18,352.0010986328125,359.13999109103435,341.96675778226404,346.4098417137384,48365400,0.0226250489840573,0.9169592538955154,1.00837231130667,0,
2024-03-19,352.7499084472656,357.3427524550126,346.45972957952426,352.84975884375075,42007910,0.0021272939697107,0.6801651506468912,0.0687360605291008,0,
2024-03-20,336.9745483398437,355.7952069855785,335.1274224993752,352.7499372296532,50983690,-0.0447210891616156,1.014481331412718,-2.0788376152076005,0,
2024-03-21,338.17266845703125,347.7576972258948,336.57515350553285,343.9636258773916,28731850,0.0035555211011937,0.1856786909945865,0.1342073273164218,0,
2024-03-22,344.1134033203125,346.35990026266626,336.1757990727013,337.47376289581314,20548120,0.0175671644026906,-0.1191364178894013,0.7765141540804422,0,
2024-03-26,345.6110534667969,351.9511728880121,343.01509545928394,344.4628500606076,27168980,0.0043521993971571,0.1274672899315604,0.1707278051234296,0,
2024-03-27,350.15399169921875,355.04635657642024,347.45818326174856,347.70779402558605,50090700,0.0131446554930811,0.981220600171302,0.5737822115849179,0,
2024-03-28,353.1992492675781,357.19302169745885,349.85445876353987,354.29754277980845,22677060,0.0086969094756892,-0.039840903752513,0.3698933764774669,0,
2024-04-01,356.3942565917969,363.63296865770906,355.0463523889592,356.4441665559502,23644470,0.009045906328635,-0.0038082897139928,0.3858917184522638,0,
2024-04-02,356.5440368652344,362.2850846863896,355.9449649116225,358.44107265995086,29684720,0.0004202656767531,0.2211697412616756,-0.0095157121183584,0,
2024-04-03,356.5440368652344,359.2398149513898,352.65011487185524,355.9449649116225,17920490,0.0,-0.2170063774991187,-0.0287810835972552,0,
2024-04-04,360.7374572753906,367.2273370194045,357.442607439532,358.8404215980762,33926420,0.0117612972776803,0.3791581215422092,0.5103677778534295,0,
2024-04-05,372.6189575195313,374.2663824539134,358.4909640211845,360.43794015185847,46979670,0.0329366967707771,0.8653456937177226,1.481067884986355,0,
2024-04-08,368.6751098632813,378.1104092231637,366.9777444274081,375.4146007003216,32853740,-0.0105841304546167,0.3392045708999378,-0.513967517485062,0,
2024-04-09,367.1275329589844,374.1166345238381,364.8310955913508,370.42238293724665,23367020,-0.0041976712365281,-0.0141423246784726,-0.2212062569846581,0,
2024-04-10,369.8732604980469,371.820206271088,366.9777511170032,369.07448773187207,16540320,0.0074789474843588,-0.2684128472663781,0.3140608602666784,0,
2024-04-12,371.6205139160156,378.2601540780242,367.6267417319427,369.57368738964,32481000,0.0047239246643999,0.3253213191693189,0.1877680388557028,0,
2024-04-15,353.74835205078125,362.3849086048325,350.4535022518235,361.4363755417667,46281480,-0.0480925061883784,0.8393405761403206,-2.233386523252302,0,
2024-04-16,361.28662109375,371.3709019189976,359.53934576903106,364.331860185949,48921020,0.0213096937392562,0.9376541412877096,0.9480751973153844,0,
2024-04-18,377.8108520507813,383.8015104780243,366.4286071330324,368.5752536421149,75356220,0.045737179270592,1.9222722025348415,2.067853968430693,0,
2024-04-19,369.5237731933594,377.5113174700272,368.076018605188,377.4114670725562,39515720,-0.0219344648583785,0.587339853843406,-1.034277456634876,0,
2024-04-22,382.1041870117188,384.2508335852545,374.6657737198606,377.4114922481208,48640720,0.0340449376494553,0.927213953864593,1.5318706828279136,0,
2024-04-23,387.3460083007813,394.08549914692406,384.4005890022188,386.3974751788537,35550930,0.0137183037172574,0.4396653954299263,0.6000787824168424,0,
2024-04-24,381.2554931640625,390.89046271552814,378.9091458506844,390.0917204458977,27660950,-0.0157237069860015,0.1457914390808671,-0.7495705100642374,0,
2024-04-25,381.7047729492188,386.7469287278388,379.657976846553,381.25549185037386,17043110,0.0011784218016839,-0.2496856912390189,0.0252388733587055,0,
2024-04-26,381.1556396484375,384.2508192405778,379.9574957837173,383.7016572733877,14131310,-0.0014386335715387,-0.3581399821367386,-0.09472939132448,0,
2024-04-29,379.9075927734375,384.1509758727466,377.4613950340452,383.0027724222406,16136160,-0.0032743759902152,-0.2834663832953713,-0.1788815398144635,0,
2024-04-30,376.41302490234375,383.20242536507686,374.9153603470294,379.9075755314106,16844930,-0.0091984680947868,-0.2570671979943283,-0.4504474596190754,0,
2024-05-02,379.0588989257813,380.7562643036755,371.9200371918169,376.4130309297046,19658850,0.0070291776543174,-0.1522585922374386,0.2934429908211132,0,
2024-05-03,375.3147277832031,385.2492480906173,373.76715327926325,379.9574817650858,21862920,-0.0098775445008383,-0.0701647503049786,-0.4815769568604615,0,
2024-05-06,369.6735534667969,378.3100800871331,367.22735571227895,377.5113378044678,13990730,-0.0150305167871398,-0.3633760918332842,-0.7177940233671188,0,
2024-05-07,355.6953430175781,370.12285753993086,353.0494749810743,369.6735459712514,29499380,-0.0378123085033569,0.2142664792673823,-1.7621326516334344,0,
2024-05-08,354.6470031738281,363.23358950295,351.55182345353126,354.4473023647513,20022500,-0.0029472970741092,-0.1387139109801559,-0.1638879365528779,0,
2024-05-09,344.8622436523437,358.6906868019071,344.0635013534068,356.44418980732314,23209800,-0.0275901373306923,-0.01999821574755,-1.2935387695831149,0,
2024-05-10,347.3084411621094,348.45664464213195,336.27562653824896,345.8606864676904,24450320,0.0070932598589472,0.0262067835465083,0.296380578984197,0,
2024-05-13,340.81854248046875,347.3583322942925,334.8777941228243,347.30842232963226,20674530,-0.0186862682056477,-0.1144280907679023,-0.8853770857199147,0,
2024-05-14,351.9012756347656,353.1493294844136,341.6672340676523,343.4644194231195,19646170,0.0325179876471422,-0.1527308775621804,1.461873867357432,0,
2024-05-15,353.299072265625,358.2413469821726,350.753024257043,353.49874258959056,16860130,0.0039721272062398,-0.2565010515482657,0.1533049406073701,0,
2024-05-16,354.4971923828125,358.59081497799536,351.8513243968007,355.84509659306417,12290680,0.0033912348240945,-0.426696964572026,0.1266762908024405,0,
2024-05-17,356.6438903808594,357.8420038284712,354.4473033551393,356.4441895712246,8815474,0.0060556135398914,-0.5561361439296402,0.2488139017462115,0,
2024-05-21,357.1929931640625,361.6360768254073,355.196107108638,360.4379330041273,11792810,0.0015396388330577,-0.4452408679339491,0.0417973997358399,0,
2024-05-22,357.0931701660156,360.1384399162307,354.647002842471,358.44107445086064,12042410,-0.0002794651629715,-0.4359441473459723,-0.0415920279067024,0,
2024-05-23,367.1774291992188,375.414584307019,356.8435376063293,357.0931483671717,37524600,0.0282398541213064,0.5131776491273309,1.2657602274135191,0,
2024-05-24,364.8310852050781,370.1228516641421,363.6329718243936,367.9262647611248,18501100,-0.0063902184817238,-0.1953807006538254,-0.3217146722567897,0,
2024-05-27,359.4894104003906,368.026116817774,358.59081774331446,367.4270448897019,15955070,-0.0146415012900692,-0.2902113477636274,-0.6999611893369555,0,
2024-05-28,356.2944030761719,363.1836539225456,354.69688812641743,360.43793557673945,9228162,-0.008887625704079,-0.5407649699472244,-0.4361981538593489,0,
2024-05-29,348.6563415527344,355.5955027927019,347.55804805236056,354.4472993255196,15141730,-0.0214375007226946,-0.3205053971347213,-1.0114961561023006,0,
2024-05-30,347.2085876464844,350.9527492674026,345.960533772845,348.2070307453959,9873346,-0.0041523808223377,-0.5167341391145593,-0.2191301020615323,0,
2024-05-31,343.8138732910156,357.34276454576445,341.5673764093741,354.49719573500573,34213950,-0.0097771612691939,0.3898676009919727,-0.4769752956855051,0,
2024-06-03,355.54559326171875,367.4270600329,353.249155854474,367.4270600329,24058620,0.0341222995407546,0.0116173386173797,1.5354170242415277,0,
2024-06-04,332.431640625,357.442627963468,306.82155086553183,357.442627963468,59211460,-0.0650098132975718,1.3209367751312189,-3.0088916951215783,0,
2024-06-05,345.0619201660156,347.35832696631667,326.4908735577111,338.4721900185445,24785000,0.0379936143180281,0.0386724343733676,1.7128817124647548,0,
2024-06-06,348.8559875488281,352.2506877467035,347.5080833683306,349.45505945905626,16246610,0.0109953233349744,-0.2793525099422381,0.4752548163016022,0,
2024-06-07,352.60015869140625,354.7967455998847,346.4597399986986,349.15554843455266,22668340,0.0107327128563445,-0.0401656930294647,0.4632165064778215,0,
2024-06-10,349.8045349121094,356.7936363869964,348.1571099441846,354.6968998505174,15670410,-0.0079285947847335,-0.3008139298252198,-0.3922352800322921,0,
2024-06-11,349.7046813964844,353.9480643970128,349.0057590671953,351.2023459849062,12762030,-0.000285455177561,-0.4091408377725754,-0.0418666157748422,0,
2024-06-12,360.3880310058594,362.9340485947711,351.00264196188306,351.4020435578458,29997540,0.0305496328122143,0.2328211841075526,1.3716426417428709,0,
2024-06-13,360.2382507324219,365.8295380691025,357.6423231029493,364.4317238524485,27424840,-0.0004156083458695,0.1369971734637709,-0.0478329586748608,0,
2024-06-14,356.4441833496094,362.1852311206465,355.5455906620688,361.4363988026852,19858180,-0.0105321058357865,-0.1448342520339073,-0.511582660326243,0,
2024-06-18,362.634521484375,364.43170675431617,357.04323441002214,358.19143780304364,22666200,0.0173669214534326,-0.0402454004896341,0.7673348301030721,0,
2024-06-19,357.7421264648437,363.3833539762242,356.4940726738415,363.3833539762242,15717810,-0.0134912556022113,-0.2990484468289454,-0.6472328517772852,0,
2024-06-20,364.9808654785156,367.7265840220336,357.4426322107016,358.34122491274894,33575310,0.0202345166480786,0.3660805111029282,0.8987880744002649,0,
2024-06-21,360.3381042480469,366.2289123713189,358.5908288446149,365.4301700892045,21075770,-0.0127205606364645,-0.0994833144509159,-0.6119034741161417,0,
2024-06-24,354.7967529296875,355.84510597080885,351.75148326774496,355.4457348346705,16858520,-0.0153781996770034,-0.2565610183757763,-0.7337321320459632,0,
2024-06-25,358.490966796875,361.935607525488,355.69533843022094,356.3942607569164,13212380,0.0104121975093711,-0.3923668869841325,0.4485237833607786,0,
2024-06-26,355.6953430175781,359.1399837906162,352.60016341239475,358.3911514895266,27206810,-0.0077983102455155,0.1288763241456757,-0.3862629149669797,0,
2024-06-27,353.0494689941406,357.8419834518182,347.45818181347425,355.6953369857764,18689180,-0.0074385961901861,-0.1883753833133339,-0.3697732864166745,0,
2024-06-28,357.5923767089844,361.4363885932849,354.8466582873503,356.44417328122296,23411220,0.0128676237009697,-0.012496030407685,0.5610828152703644,0,
2024-07-01,352.2507019042969,357.84198917437834,351.5018696039306,357.5923784075896,15688760,-0.0149378878091538,-0.300130456977506,-0.7135478244283954,0,
2024-07-02,350.4535217285156,354.8966056307635,349.455078646668,352.6501086966063,12146510,-0.0051019917520832,-0.4320667891199772,-0.262661154759693,0,
2024-07-03,350.7530517578125,355.84511770415634,349.1555671605847,352.450417229949,12102100,0.0008546925932417,-0.4337209051508748,0.0103988238276781,0,
2024-07-04,350.3037414550781,356.29439960575905,349.7545795092279,351.451944839946,11944840,-0.0012809875793885,-0.4395782860790208,-0.0875027516797762,0,
2024-07-05,352.2008056640625,354.2476018434674,348.5564944209421,350.3037698565541,15513570,0.0054154837202264,-0.3066556672331456,0.2194697524313258,0,
2024-07-08,347.7577209472656,352.99954724344786,346.65945790887974,352.450415724255,11525940,-0.0126152031606503,-0.4551808351747879,-0.6070737889386113,0,
2024-07-09,349.3052978515625,353.14930958589684,348.0073036390265,348.55646558396734,8908509,0.0044501582885965,-0.5526709179684927,0.1752183322771593,0,
2024-07-10,347.40826416015625,350.3536528139361,343.56425240414416,349.85443129939074,11556790,-0.0054308758071353,-0.454031781368141,-0.277737507277973,0,
2024-07-11,347.5080871582031,350.80296746535987,346.459734156418,348.9558417512049,8045640,0.000287336279372,-0.5848097480847866,-0.0156093199542338,0,
2024-07-12,349.8045349121094,355.8451032845217,349.4550737443521,353.9480675496367,16327800,0.0066083289533944,-0.2763284684977756,0.2741508929692711,0,
2024-07-15,354.8466491699219,356.1446433997458,351.1524282159538,353.74835573547495,15488340,0.0144140905979945,-0.3075953958406562,0.6319743034384597,0,
2024-07-16,343.7140197753906,349.80452847108785,342.56581636252844,349.4550673097653,25005250,-0.0313730717778323,0.0468759708697694,-1.4669520208567306,0,
2024-07-18,336.4753112792969,345.611059185894,335.4768682191209,345.06192769082287,25188960,-0.0210602654521455,0.0537185211070179,-0.9942033386678188,0,
2024-07-19,338.2225952148437,341.4675352427352,331.5330143539338,336.5252297814592,15349320,0.0051929038386309,-0.312773401033527,0.2092664825954535,0,
2024-07-22,340.419189453125,342.46598563404865,333.7795184168206,338.22260243012823,12279130,0.0064945224516594,-0.4271271613780802,0.2689338965455397,0,
2024-07-23,334.3785705566406,341.4675222888129,325.4924335267632,341.4675222888129,13863330,-0.0177446486086417,-0.3681212929667307,-0.8422123631846837,0,
2024-07-24,334.17889404296875,338.4721868802684,334.07904364604155,334.7280255209734,8729363,-0.0005971570287517,-0.5593434752860155,-0.0561553200065122,0,
2024-07-25,328.6874694824219,333.1305228436399,327.4893256153157,332.48154094481754,12201640,-0.0164325894257127,-0.4300133908586985,-0.7820663437507126,0,
2024-07-26,331.3832397460937,336.1258441984604,329.0368925019628,329.33644369678194,9688122,0.0082016216435534,-0.5236330805175538,0.3471889192665129,0,
2024-07-29,329.6859130859375,334.67812842358,328.9869907506418,333.97920608828434,12628370,-0.0051219447955687,-0.4141192018502556,-0.2635758209247999,0,
2024-07-30,328.83721923828125,331.23347642511345,328.5876084798599,330.48464414984943,8705901,-0.0025742496538971,-0.5602173521226946,-0.1467870940925717,0,
2024-07-31,327.9885559082031,330.7342744127619,326.9901128156363,328.837238630898,12402200,-0.0025808007136295,-0.4225432374888082,-0.1470874007945114,0,
2024-08-01,328.1882629394531,332.38170572573136,327.73895135125,328.48778368487814,13137030,0.0006088841444391,-0.3951734090045815,-0.0008692652425974,0,
2024-08-02,325.7420654296875,327.7389516545438,324.04469995053336,325.4425446839853,7284359,-0.0074536410530223,-0.6131647831245924,-0.3704629569927442,0,
2024-08-05,316.5563659667969,321.6983721990143,314.5095698431452,317.454989113829,16751760,-0.0281993037981561,-0.2605374522298324,-1.321463529889132,0,
2024-08-06,310.8652648925781,321.49867780034674,309.51736061524065,316.6562226773533,12640380,-0.017978160245925,-0.4136718716649127,-0.8529167549200806,0,
2024-08-07,329.2366027832031,336.6750158529116,312.81220207119344,315.9573221220504,20755730,0.0590974289037193,-0.1114036768586727,2.6803003005259707,0,
2024-08-08,325.8918151855469,330.2849586430966,323.4955578877983,329.486216367202,9648681,-0.0101592215731212,-0.5251021188056563,-0.4944892971603939,0,
2024-08-09,325.09307861328125,329.9854436966159,323.9947851121085,329.68592295541663,7793704,-0.002450925537393,-0.5941934764423688,-0.1411338013109312,0,
2024-08-12,328.6375427246094,330.4347586000667,321.7982013445335,324.49400992268664,12463580,0.0109029208694551,-0.4202570487480629,0.4710190009060907,0,
2024-08-13,322.796630859375,335.9760915108269,321.49866706236634,328.9869900529494,15172140,-0.0177731120334262,-0.3193727317778288,-0.8435171531838834,0,
2024-08-14,319.70147705078125,325.8418957191231,318.7030339999919,325.4924345573341,8040049,-0.009588556734169,-0.5850179931360981,-0.4683294874959545,0,
2024-08-16,327.6390991210937,329.0369133754005,319.0524823159732,323.49556632544454,16446600,0.0248282308343905,-0.2719035870640752,1.109368226819336,0,
2024-08-19,330.9339599609375,333.97919906483355,328.2880615115777,331.4331814842033,13708990,0.0100563725412576,-0.3738699141828698,0.4322124342038983,0,
2024-08-20,333.6297302246094,337.4238319961302,331.4830838179934,331.8824549334001,15772040,0.0081459462908854,-0.2970285703967099,0.3446367090559316,0,
2024-08-21,330.5845031738281,336.7249218972145,328.9869881842318,335.37701767255305,18916850,-0.0091275650066651,-0.1798954779597094,-0.4471971957806874,0,
2024-08-22,329.0868530273437,332.88092463284505,328.3879306668257,331.6828111906125,8368346,-0.0045303095943881,-0.5727900865701084,-0.2364547102531078,0,
2024-08-23,326.6406555175781,333.18047613358016,326.1913744026276,329.4862244591933,8935180,-0.0074332884685682,-0.5516775171880363,-0.3695299754961512,0,
2024-08-26,322.7467346191406,333.6796988383489,321.2490699573349,332.1820341765431,26118300,-0.0119211152459494,0.0883331617770113,-0.5752561501082548,0,
2024-08-28,321.748291015625,329.73583586628445,320.40038672806315,326.49089577070407,21470180,-0.003093582355508,-0.0847929315698905,-0.1705937905969583,0,
2024-08-29,325.1429748535156,332.58138780327647,322.99632837870547,323.74516067015537,33808220,0.0105507439594318,0.3747555879945375,0.4548748821422055,0,
2024-08-30,321.1991577148437,331.083738318734,320.1507741769663,327.1398758825545,27498340,-0.0121294859298396,0.1397347895022977,-0.5848080570388207,0,
2024-09-02,344.3630065917969,348.80609041348987,322.6468699553331,323.3957022531422,65333800,0.0721167796383754,1.548972369380393,3.277119508449381,0,
2024-09-03,349.65478515625,354.4472998392904,341.9667611125548,350.453527446735,65293710,0.015366861315408,1.547479158128903,0.6756502037570304,0,
2024-09-04,346.6594543457031,349.7546035603445,342.51589113049675,344.4628673513784,22005750,-0.0085665374469516,-0.0648448360358251,-0.4214791680053016,0,
2024-09-05,344.81231689453125,349.90438259498,343.46441266940303,348.05725683980904,16406870,-0.0053283919651296,-0.2733833895839482,-0.2730395521604471,0,
2024-09-06,336.3255615234375,345.3115493484778,335.47687880150403,344.46286662654427,17265090,-0.024612680450419,-0.2414177183379007,-1.1570493629201066,0,
2024-09-09,341.1679992675781,345.3115317933493,328.78728118422134,337.423837864159,18687390,0.0143980663325322,-0.1884420545066532,0.6312397361304818,0,
2024-09-10,350.9527282714844,359.18988334471265,340.3193159982387,343.41449551370687,60920830,0.0286800902338795,1.3846047850329413,1.285941062338393,0,
2024-09-11,343.7639465332031,354.8466710175898,342.51589266041333,351.95119212673046,22779110,-0.0204836183314132,-0.0360399008037829,-0.9677692956144506,0,
2024-09-12,349.25537109375,351.4020480542948,341.7670481245867,345.7608203748072,18880950,0.0159744051577452,-0.1812326264737654,0.7035005814104446,0,
2024-09-13,351.35211181640625,353.84821950261266,346.35989644399336,349.80453723898404,17631910,0.0060034602076124,-0.2277549657494326,0.246423144242576,0,
2024-09-16,348.2569274902344,354.1477659262104,346.4597421684525,351.45195747347344,11639020,-0.0088093517075236,-0.4509690035878952,-0.432610000688171,0,
2024-09-17,351.1025085449219,354.9465205577744,343.4644249560461,348.1571196943437,14931440,0.008170924481516,-0.3283379587230452,0.3457817326635824,0,
2024-09-18,346.3598937988281,352.7000133673856,344.56270846651046,349.9542949335277,12141030,-0.0135077780154537,-0.4322708998123735,-0.6479902546451639,0,
2024-09-19,346.1102905273437,349.95430251200213,337.92307548385224,348.2070271071633,17295760,-0.0007206471533028,-0.2402753688970624,-0.0618162227522072,0,
2024-09-20,353.3489990234375,355.3458851783821,347.80765213149203,347.8575620973398,38491940,0.0209144561551888,0.549207655912481,0.929957137000994,0,
2024-09-23,353.6984558105469,360.63764730099547,351.70156968035326,353.7983062110694,22868790,0.0009889847942832,-0.032699636772013,0.0165549038572681,0,
2024-09-24,351.9012756347656,355.44573637974,348.55648522369614,353.24914941633364,20086100,-0.0050811083459857,-0.1363450350611042,-0.2617038399027634,0,
2024-09-25,352.2507019042969,354.44728884006383,348.4566304371332,351.1524389064777,13663030,0.0009929667600692,-0.3755817622526752,0.0167374408911655,0,
2024-09-26,349.3052978515625,353.04945918953825,348.4067052244609,351.9511657697194,11584350,-0.0083616697903262,-0.4530052684698852,-0.4120878431191196,0,
2024-09-27,358.5908203125,362.43483220260106,348.55647970813965,349.4550723716539,61551030,0.0265828274522288,1.408077514658514,1.1898005759453076,0,
2024-09-30,350.0541381835937,357.59237099635646,349.0556951371317,356.4441675869379,26763310,-0.0238061925887195,0.1123575117227281,-1.120079205449954,0,
2024-10-01,350.4535217285156,352.4504078922109,345.71091708973944,351.4519648103633,16421560,0.0011409193646283,-0.27283623884101,0.0235197265874974,0,
2024-10-03,345.0619201660156,349.9542849601766,338.52209998243933,344.4628482489613,24232870,-0.0153846408388405,0.0181075371849076,-0.7340274009256501,0,
2024-10-04,338.2724914550781,344.7623712475226,335.97608463962325,342.9651859545634,18945510,-0.0196759720912437,-0.1788279939370675,-0.9307460369924062,0,
2024-10-07,335.8263244628906,348.3567724964481,328.6874627812605,345.56114415694907,38001800,-0.0072313506240644,0.5309516678155621,-0.3602729559363561,0,
2024-10-08,345.0619201660156,349.1555427174797,332.4815317881278,334.2288071053327,20853380,0.0275011070615029,-0.107766558407487,1.2318953716251242,0,
2024-10-09,342.4659729003906,347.45818824879285,341.01821826132823,344.4628590397515,12692770,-0.0075231345851667,-0.4117205287498321,-0.3736486054675022,0,
2024-10-10,343.26470947265625,346.95896095720457,342.4659672181904,344.4628533244189,8914571,0.0023323092963105,-0.5524451298266484,0.0781341547449466,0,
2024-10-11,340.9682922363281,343.91371134118253,339.91993925056664,342.91526831852855,8105506,-0.0066899310443419,-0.5825799505097873,-0.3354537762929279,0,
2024-10-14,339.5205383300781,342.91526898979726,338.7217960984166,342.26625664775133,7284123,-0.0042460074417903,-0.6131735732930972,-0.2234220338176641,0,
2024-10-15,336.2257080078125,341.41762422446686,335.5767260982469,341.41762422446686,9425660,-0.0097043623295107,-0.5334088652890344,-0.4736381242393355,0,
2024-10-16,333.1305236816406,338.6719009933656,331.9823202469797,336.52522402022845,10530770,-0.0092056742017476,-0.4922474114069068,-0.4507777942982937,0,
2024-10-17,328.6375427246094,334.47844099723085,328.08841120353566,334.3286806251258,9765396,-0.0134871488429713,-0.5207548962759059,-0.6470445940948011,0,
2024-10-18,329.8356628417969,332.38168039406776,324.9932080260444,328.6375190112792,9740536,0.0036457189499845,-0.521680843687032,0.1383420810202639,0,
2024-10-21,326.6905822753906,333.8793540441744,325.542348377333,333.8793540441744,8404918,-0.0095352956660564,-0.5714279084237003,-0.4658879503462203,0,
2024-10-22,313.56103515625,327.88869936008734,310.6156463704154,327.4893282245581,16864960,-0.0401895488620874,-0.2563211510657339,-1.8711075718776893,0,
2024-10-23,314.2100524902344,320.9495433451435,312.66244741929034,315.7576270911135,15298130,0.0020698277566948,-0.31468004817655,0.0661017556061035,0,
2024-10-24,315.6078491210937,317.9042559111206,314.35979532867407,314.5095556897518,7628619,0.0044486057011265,-0.6003423110508068,0.1751471602162082,0,
2024-10-25,310.7154846191406,317.35512470657693,305.52356865013263,317.00566355038274,12405370,-0.0155014031354966,-0.4224251661576227,-0.7393798937515894,0,
2024-10-28,316.156982421875,318.7529404190657,310.166324183772,314.01033598056745,9290007,0.0175127989176473,-0.5384614615948069,0.7740219894262119,0,
2024-10-29,325.692138671875,326.440970967592,313.41127074007767,317.2053726537489,14904510,0.0301595624330588,-0.3293410063409707,1.3537614509318514,0,
2024-10-31,321.7981872558594,323.3957022518586,317.20537353869986,319.45187043211826,6666478,-0.011955926943446,-0.6361786734035175,-0.5768519508628277,0,
2024-11-01,325.692138671875,326.3411205674836,323.695252549963,324.4939948107022,4366260,0.0121006008430979,-0.7218536895791378,0.5259217704668289,0,
2024-11-04,319.3520202636719,326.2911812796766,318.8028582961767,326.2911812796766,8097386,-0.0194665994520383,-0.5828823919007102,-0.9211481994935842,0,
2024-11-06,325.5423583984375,327.3894842151463,322.297418345053,323.4456522784565,7203398,0.0193840581614439,-0.6161802951258873,0.8598022623801652,0,
2024-11-07,321.0493469238281,327.9885382312047,320.05090388507256,326.4908736730713,7046798,-0.0138016186179689,-0.6220130933794016,-0.6614601825411847,0,
2024-11-08,315.55792236328125,321.8481320317248,314.3098685167723,321.1991501255531,7871347,-0.0171046121512583,-0.5913015482508132,-0.8128724936840587,0,
2024-11-11,311.5142517089844,315.6078745722502,310.1164374427649,313.5111379378881,8429474,-0.0128143531431977,-0.5705132839414954,-0.6162030103002836,0,
2024-11-12,309.7669677734375,315.6577758933271,309.51735700166194,311.71394398131264,5765828,-0.0056090015977156,-0.6697247126565676,-0.2859029600268478,0,
2024-11-13,298.933837890625,309.5173401310544,297.5360237388845,309.5173401310544,14563480,-0.0349718692108443,-0.342043172294968,-1.6319242592748695,0,
2024-11-14,317.8543701171875,320.0010167093683,302.27865150939544,302.27865150939544,42750070,0.0632933774244894,0.7078079958054363,2.872646503012662,0,
2024-11-18,318.3036499023437,322.3972727296395,313.3613748112735,319.5017938171844,15570300,0.0014134768227052,-0.3045426746091235,0.0360140152473802,0,
2024-11-19,318.8528137207031,323.29586728440904,316.60631672004536,319.50179564910223,9800376,0.0017252828188678,-0.5194520145204273,0.0503074935819186,0,
2024-11-21,313.7108154296875,318.4034794367513,312.56258155736714,316.5064437543186,9585103,-0.0161265576772351,-0.5274701753022203,-0.7680375623277138,0,
2024-11-22,313.3114318847656,317.2053843420284,311.86370767507265,314.01035424121415,11366570,-0.0012730945994795,-0.4611168061688018,-0.087140930102537,0,
2024-11-25,322.7467346191406,324.494010057914,317.50490830282047,318.3535910385235,25530710,0.0301147732708497,0.0664475045242497,1.3517082738681123,0,
2024-11-26,325.5423583984375,326.39104112179723,319.6016402750496,320.9495445450839,11006010,0.008661973861938,-0.4745463958130362,0.3682918952859489,0,
2024-11-27,328.3879089355469,331.43317848192106,321.8980291918797,325.1929094976257,11501640,0.008740953254466,-0.4560859245589539,0.3719123844678982,0,
2024-11-28,324.9432983398437,330.88401612357103,324.4939867855,328.43784896676453,9679906,-0.0104894562253181,-0.5239390975702413,-0.5096275623143093,0,
2024-11-29,327.8387756347656,331.7826073289298,324.8434465389159,325.0431168632679,18285870,0.0089107155301098,-0.2033972598371197,0.3796944458740262,0,
2024-12-02,329.18670654296875,329.98544884533965,324.5938621291718,325.4924548368555,8216182,0.0041115664417463,-0.5784576594529166,0.1596969655081914,0,
2024-12-03,339.8200988769531,341.91683538038023,329.33644682988137,330.83411140803446,18445720,0.0323020101438888,-0.1974434105342828,1.45197325671655,0,
2024-12-04,344.6625671386719,346.80921368991926,340.11963279340733,341.5673874631206,16774990,0.0142500937340737,-0.259672216575751,0.6244565338951102,0,
2024-12-05,340.9682922363281,346.759249579696,339.0712565872982,346.2101181052614,11818450,-0.0107185266244982,-0.4442858682709855,-0.52012836354347,0,
2024-12-06,338.3723449707031,342.5158775515755,337.9729738430402,342.5158775515755,8074543,-0.0076134565140905,-0.583733213168303,-0.3777890471206264,0,
2024-12-09,336.3255615234375,340.76861499933506,335.3770283983239,337.97298653068185,10589890,-0.0060489087766402,-0.4900453997035366,-0.3060687163257963,0,
2024-12-10,334.5782775878906,337.4238464206607,333.1305229538305,336.47531331971595,7366133,-0.005195215991411,-0.6101189897377286,-0.2669346410347625,0,
2024-12-11,342.4659729003906,344.4628590397515,332.7810629364646,334.17890761006873,20098920,0.0235750371164726,-0.1358675352296224,1.0519206553278149,0,
2024-12-12,337.7732849121094,345.7608296262716,336.67502188996406,343.2647219030959,10639640,-0.0137026401441819,-0.4881923874869828,-0.6569229167795567,0,
2024-12-13,339.2210388183594,340.16957193906364,330.13520063237564,336.4753203290276,9126606,0.0042861705496535,-0.5445475731364575,0.1677009810313259,0,
2024-12-16,339.8200988769531,341.91683538038023,337.623511974303,338.7218054256281,6632276,0.0017659873358106,-0.637452577400112,0.0521734266884026,0,
2024-12-17,336.5751647949219,340.36923627068563,335.37702092359416,338.52211049824894,8027327,-0.0095489763341108,-0.5854918428128619,-0.4665150849582681,0,
2024-12-18,324.0946350097656,336.4753233044012,323.0462514770748,335.4768802085424,13957880,-0.0370809586998516,-0.3645996385933605,-1.7286068929885652,0,
2024-12-19,312.5126647949219,319.4019155286568,310.2661680032651,317.5048798874925,21490550,-0.0357363836476181,-0.0840342208392131,-1.666970315710445,0,
2024-12-20,303.8262023925781,314.2599442630461,302.3285378448591,314.2599442630461,19669660,-0.0277955532075604,-0.1518559578241533,-1.302955225397686,0,
2024-12-23,304.2256164550781,308.36914911297947,301.579717936238,308.31920867730327,11299660,0.0013146136157931,-0.4636089679257791,0.0314820334270435,0,
2024-12-24,304.2256164550781,306.5220233343783,303.1273229810397,304.2256164550781,6911511,0.0,-0.6270520574746965,-0.0287810835972552,0,
2024-12-26,305.07427978515625,306.2225137366273,302.42841164016124,304.225627518508,8189884,0.002789585374062,-0.5794371672975585,0.0990961176022419,0,
2024-12-27,304.4752197265625,306.87147694815064,304.0259081668618,305.4736627747295,6020942,-0.0019636531110247,-0.6602226149959862,-0.1187967777930144,0,
2024-12-30,305.773193359375,308.4690018643652,300.5313671875,304.5251395089286,45642150,0.0042629861109162,0.8155277861823431,0.1666381846872272,0,
2024-12-31,298.2349548339844,303.37693050972945,295.7887571438409,303.37693050972945,17838910,-0.0246530392104415,-0.2200449450694999,-1.158899446206156,0,
2025-01-01,303.9760131835937,305.9229589414343,298.3347853073775,298.43463571112795,8948678,0.0192501189299059,-0.5511747642453418,0.8536623628025605,0,
2025-01-02,304.2256164550781,306.5220233343783,302.87771221285215,305.5235802616279,18554110,0.0008211281833401,-0.1934062649231818,0.0088601999024005,0,
2025-01-03,306.9713439941406,310.41595441508105,303.7763138787131,306.2225116674059,25288540,0.0090253002723981,0.0574275252582628,0.3849471175722072,0,
2025-01-06,296.2380676269531,307.9697735636144,294.7903130041906,307.22094126978493,15616960,-0.0349650759824421,-0.3028047540056179,-1.6316128513347272,0,
2025-01-07,298.6842346191406,300.531360369912,296.7871989035095,297.53603119679,8305881,0.0082574363645522,-0.5751166877380891,0.3497475182516606,0,
2025-01-08,298.1351013183594,300.38159818458433,295.78875405295605,300.0321370224921,10545440,-0.0018385078190734,-0.4917010055935029,-0.1130600006264773,0,
2025-01-09,288.7996520996094,298.0352503084992,288.3503405392595,298.0352503084992,15072300,-0.0313128148194172,-0.3230914200130195,-1.4641897855559014,0,
2025-01-10,280.1131896972656,290.4970219493,279.5640581995422,289.5484888495259,13906820,-0.0300778146344432,-0.3665014436944105,-1.4075762226215027,0,
2025-01-13,265.7356262207031,277.5671831053583,264.63733271152495,277.367482296393,22870940,-0.0513276918237985,-0.0326195568470765,-2.3816904569712856,0,
2025-01-14,272.4252014160156,273.5734048679814,263.78867483810143,267.03361485934573,19834730,0.0251737988257418,-0.1457076819128659,1.125209386573408,0,
2025-01-15,271.97589111328125,275.57029232457126,270.8276876559419,274.5718492364388,12932860,-0.0016492978637767,-0.4027780221554117,-0.1043864394057316,0,
2025-01-16,276.3690185546875,278.36590461496723,274.4220729279527,276.5687193487408,9804897,0.0161526355274499,-0.5192836231992004,0.7116708281641387,0,
2025-01-17,278.56561279296875,280.86201963513605,275.2707628941958,279.56405584957434,12895000,0.0079480480473848,-0.4041881737638284,0.3355648685822647,0,
2025-01-20,275.270751953125,279.5640447378599,270.7278179440971,278.56560172093896,15616620,-0.0118279525129058,-0.3028174178077009,-0.5709854833387469,0,
2025-01-21,259.6950378417969,277.0679404460213,257.9976725050933,275.5702759030698,25289890,-0.0565832512201676,0.0574778080018276,-2.622610212499958,0,
2025-01-22,262.3908386230469,263.1896113976619,253.6544765955345,261.2925755718081,19045790,0.0103806403220236,-0.1750929172521224,0.4470771723936984,0,
2025-01-23,255.45166015625,266.98366518307245,253.2051632962147,263.0897433863573,26848850,-0.0264459632173582,0.1155435753408993,-1.241088758675211,0,
2025-01-24,244.0694122314453,256.9493373352058,243.17081953736016,255.6014330590455,38379150,-0.0445573456748826,0.5450066258038355,-2.071331460711397,0,
2025-01-27,232.936767578125,243.02103328393093,230.69027070630756,242.62166215628727,32924180,-0.0456126171302592,0.3418282127197178,-2.119706090673975,0,
2025-01-28,233.0366058349609,238.12867157266604,230.9398845344599,236.6310069715801,32439610,0.0004286066895919,0.3237796874980995,-0.0091333522928013,0,
2025-01-29,237.92898559570312,240.27531765900375,232.637234300656,234.63412043199213,23719430,0.0209940397269905,-0.0010162938194626,0.9336053223256264,0,
2025-01-30,234.43443298339844,241.87283071589,233.13645396144608,240.275315729636,27503910,-0.01468737658657,0.1399422523775984,-0.7020641558119255,0,
2025-01-31,241.2737579345703,243.3704944422393,235.43287520897573,236.63100382691576,31130580,0.0291737218979952,0.2750229320843204,1.308569599259152,0,
2025-02-01,241.13397216796875,245.16769056549856,238.87749639095608,244.0194719329452,24079790,-0.0005793658116747,0.0124058465294288,-0.0553397539848034,0,
2025-02-03,233.6057281494141,239.18702129833227,232.53738674327136,238.62789561232697,15183090,-0.0312201717197717,-0.3189648828578034,-1.4599429392671055,0,
2025-02-04,244.7183990478516,246.5655095598907,234.63411809119583,236.0319322751732,23138560,0.0475701986696568,-0.0226516547487017,2.1518812911562435,0,
2025-02-05,249.4310607910156,253.9440126018797,246.21607281294712,246.26598277956808,28695520,0.0192574884499898,0.1843255264955432,0.8540001884920992,0,
2025-02-06,250.0900115966797,253.39485566380483,248.2628589818727,252.2067212284132,16298230,0.0026418153520029,-0.2774298468142279,0.092322201658385,0,
2025-02-07,249.0616149902344,252.3564800918525,245.74679199690215,248.01324674403332,11922050,-0.0041121058769183,-0.4404271332833477,-0.2172838609152393,0,
2025-02-10,242.5817413330078,249.61077402617045,241.68313340549403,248.8918937781725,11175490,-0.0260171510470638,-0.4682338629394372,-1.2214316079432772,0,
2025-02-11,235.5726623535156,242.80138049065613,234.38451265262344,241.62322497096855,15330320,-0.0288936790583524,-0.3134810840911053,-1.3532943409056026,0,
2025-02-12,227.2656097412109,233.6157083602794,222.88244521500863,232.6372384044731,45167990,-0.0352632284634054,0.7978669967833243,-1.6452804397694765,0,
2025-02-13,227.70492553710932,232.68716197232092,226.6465783138657,227.82473383105176,15841470,0.0019330500395493,-0.2944425475184117,0.0598317371948898,0,
2025-02-14,221.94390869140625,230.48060019324976,218.80879798523,229.64191165058588,22176520,-0.0253003611235639,-0.0584842552072642,-1.1885732878081614,0,
2025-02-17,222.1036529541016,223.65124272532333,216.80192280745905,221.90396739153172,21988190,0.0007197506056246,-0.0654988841669343,0.0042129569740515,0,
2025-02-18,220.67588806152344,223.63127096975404,216.67212166455147,223.21192671527663,19138940,-0.0064283719497094,-0.1716234079461527,-0.323463662894403,0,
2025-02-19,228.56358337402344,229.3423677417041,218.91861976193903,220.67588929724477,14085760,0.0357433491342784,-0.359836559151091,1.609727452935652,0,
2025-02-20,234.90370178222656,235.5327105469653,225.5482799983863,227.6450165076007,15681050,0.0277389701133101,-0.3004176273129759,1.2427992362699194,0,
2025-02-21,233.30618286132807,238.1785897619798,232.27778775099037,235.63255696807263,15152680,-0.0068007396596053,-0.3200975482146959,-0.3405333467984367,0,
2025-02-24,228.0943145751953,233.1364550876958,227.6549971901016,230.6403474315106,14715000,-0.0223391777372251,-0.3363995861431642,-1.0528298733192707,0,
2025-02-25,225.96763610839844,231.3092972309724,224.8992947428646,229.23253387972684,11683220,-0.0093236802975892,-0.4493227093171077,-0.4561873040415731,0,
2025-02-27,221.35482788085932,227.6450223344764,220.705845972603,226.0075762919981,16215290,-0.0204135791610718,-0.280519069592941,-0.9645586345746916,0,
2025-02-28,207.2867584228516,219.55761657916167,206.6777075641068,218.9186136482681,50855490,-0.0635543827649409,1.0097063330978997,-2.9421733989964034,0,
2025-03-03,200.607177734375,209.9226533099353,198.34070772296056,209.6730425450008,51311990,-0.032223865814191,1.026709349718138,-1.5059532147898445,0,
2025-03-04,206.0586853027344,207.7160892174217,198.71014371093855,199.67863470595347,50579880,0.0271750374534343,0.999440831650575,1.216948035987454,0,
2025-03-05,216.76199340820312,217.32111908158808,206.67771245526208,206.67771245526208,36954750,0.0519430088071453,0.4919527443714871,2.3523349954802533,0,
2025-03-06,219.5975646972656,222.0437470987278,217.72048690649592,221.65435492245447,24296330,0.0130814966428296,0.0204711985972193,0.5708869508496693,0,
2025-03-07,221.46466064453125,224.15047500987168,218.44935822936884,219.65748107871613,27997550,0.008502352700676,0.1583286031430185,0.3609747120428077,0,
2025-03-10,216.1629180908203,224.54983353012352,215.16447505113985,222.25342672688384,19521400,-0.0239394517314013,-0.1573781204618674,-1.1261879291186547,0,
2025-03-11,217.2212677001953,218.6490491850937,212.67834877192865,214.3657199654304,20118890,0.0048960738443137,-0.1351237230896308,0.1956595181848018,0,
2025-03-12,225.17886352539065,226.14735451851087,216.3825825488321,219.65747458751608,28455080,0.0366335944424109,0.1753699836342726,1.6505371300451936,0,
2025-03-13,222.25343322753903,228.5835586278544,220.9754273181704,227.5252114124428,25219080,-0.0129915847875382,0.0548403849856632,-0.6243274745496935,0,
2025-03-17,219.17822265625,223.50148289202767,218.199737497784,222.77260849612367,22290920,-0.0138365042403673,-0.0542232582711081,-0.6630593720823577,0,
2025-03-18,224.82940673828125,225.14891583853952,220.36638016117064,220.7557723552152,28081310,0.0257835108504111,0.1614483680326376,1.1531591557317027,0,
2025-03-19,228.48370361328125,230.88995501711045,225.2886889043752,226.91615594900327,21456930,0.0162536428308681,-0.0852864473863596,0.7163010973725775,0,
2025-03-20,231.3292694091797,233.88528114330077,228.59353000639263,230.6403412768516,24426400,0.012454130211031,0.0253158478234939,0.5421278871655557,0,
2025-03-21,228.7632751464844,235.5726643105044,227.6949489659463,231.63879611135292,46879560,-0.0110923890835297,0.8616169489338189,-0.5372665681451423,0,
2025-03-24,232.31771850585932,234.0949611277153,230.34080555866768,231.5389341559041,26607360,0.0155376485019238,0.1065489236790783,0.6834792480355962,0,
2025-03-25,227.17575073242188,233.83536418798133,225.95764896696397,233.73552902189772,22492780,-0.0221333431066205,-0.0467046844814888,-1.0433942214419718,0,
2025-03-26,222.3233184814453,228.5436145952524,221.6643423931681,227.64502191853424,19372530,-0.0213598160689781,-0.1629230034503774,-1.007935018957768,0,
2025-03-27,225.4284820556641,227.64502695800516,220.98541330458676,221.824101852761,188868800,0.0139668820860909,6.150215870324759,0.611473847210604,0,
2025-03-28,227.15577697753903,231.9383278061713,225.75796277597368,226.82628893680604,30356330,0.0076622745543237,0.2461848474880021,0.3224647445246043,0,
2025-04-01,230.06124877929688,230.9298893690138,224.859368951983,226.64657533158,18781790,0.0127906577610179,-0.1849259871047901,0.5575546246366471,0,
2025-04-02,229.4222412109375,230.63036399642996,224.94922064392705,230.63036399642996,16203180,-0.0027775541154798,-0.2809701244259554,-0.1561067606567487,0,
2025-04-03,230.05126953125,231.4291105967452,226.1473535031109,226.64657503402285,11752610,0.0027417931103468,-0.4467381762978781,0.0969052755582181,0,
2025-04-04,221.973876953125,229.99137381461964,220.4562391777204,229.69183783808768,20832530,-0.0351112714769338,-0.1085431474469875,-1.6383145894630535,0,
2025-04-07,213.18756103515625,214.6652524607048,202.78378644177613,202.78378644177613,25772060,-0.0395826573764992,0.0754369416793307,-1.8432870988674583,0,
2025-04-08,224.45997619628903,225.14890432784628,216.28272530438215,216.66213853278336,25131280,0.0528755763535091,0.0515701443301168,2.3950847635523584,0,
2025-04-09,220.57603454589844,223.6512409369858,217.91019345757653,223.6512409369858,19372730,-0.0173034931046865,-0.1629155541550345,-0.8219893824994231,0,
2025-04-11,229.6618804931641,230.62037731402955,223.3716860704845,225.42847636841688,24630870,0.0411914465955958,0.0329316349173385,1.8594733333425568,0,
2025-04-15,238.1985626220703,239.1171283877992,232.23785647307432,235.53270630676397,27663800,0.037170653268949,0.1458975915395038,1.6751564086862962,0,
2025-04-16,241.9027862548828,242.37205571750508,236.89059776785083,238.67781939827148,27720760,0.0155509907030366,0.1480191508531703,0.6840908670066491,0,
2025-04-17,246.0862579345703,247.61387457098397,237.9289801045284,242.5617552129069,30422200,0.0172940202320759,0.2486382729091961,0.7639929699693748,0,
2025-04-21,245.9964141845703,249.610773306843,244.1193362940924,249.610773306843,31786610,-0.000365090479875,0.2994577382034326,-0.0455171724745159,0,
2025-04-22,250.16989135742188,250.94867572754063,243.320571337764,245.11777189766576,30235260,0.0169656016600314,0.2416754165521594,0.7489379556272873,0,
2025-04-23,257.73809814453125,258.1474329727861,250.99859246341396,251.60764332053552,37568330,0.0302522687524238,0.5148064375540625,1.358011195271684,0,
2025-04-24,258.3771057128906,259.3955067116334,256.1006566503568,257.5983213091308,17152000,0.0024792903065538,-0.2456299223895606,0.0848719016496098,0,
2025-04-25,252.6560211181641,261.2126702790132,248.7121740510386,258.37709562551345,33348710,-0.0221423820773184,0.3576404594793884,-1.0438085763082263,0,
2025-04-28,257.4984741210937,259.2956900161119,251.90720179951327,251.9970580237543,19380920,0.019166188802858,-0.1626105055107415,0.8498149273223647,0,
2025-04-29,257.2288818359375,259.3455761772656,255.202043710602,257.6981512772744,12494830,-0.0010469665347586,-0.4190930963507301,-0.0767750082354249,0,
2025-04-30,260.0145568847656,262.8900473225376,254.8026676217963,255.60142512231,32058330,0.0108295578200461,0.3095783508563375,0.4676559701427702,0,
2025-05-02,258.3970642089844,264.78712447738945,257.3487111334215,262.4906870465359,20015940,-0.0062207773870833,-0.138958247867404,-0.3139473340880893,0,
2025-05-05,260.1942749023437,261.99146027323945,258.896280605528,259.1958318140539,10986240,0.00695522876338,-0.4752827586576849,0.2900531045344971,0,
2025-05-06,250.80889892578125,260.3440333973105,250.01014141389328,258.8463687756577,18568700,-0.0360706475193775,-0.192862838827915,-1.682293284055542,0,
2025-05-07,255.70127868652344,256.3003506280784,244.6684796139518,244.6684796139518,19393390,0.0195064042053385,-0.1621460419461098,0.8654107193990989,0,
2025-05-08,251.0585021972656,257.89782795751216,249.01169089513596,255.7012715267352,14849940,-0.0181570327419037,-0.3313735465752892,-0.8611164373424246,0,
2025-05-09,247.96334838867188,249.6107733990929,241.6232286503219,243.7199652408873,25011070,-0.0123284166100925,0.0470927453642487,-0.5939272253783112,0,
2025-05-12,262.4906616210937,263.08973352198745,256.59985394744126,258.5468300078302,19437050,0.0585865343681795,-0.1605198607727481,2.656880417442119,0,
2025-05-13,266.9836730957031,268.53127814941007,261.09286502659216,262.7902304480605,19305040,0.0171168431168615,-0.1654367681638492,0.7558710053860782,0,
2025-05-14,267.0835266113281,269.52972437018684,264.7871196920418,268.3814904404787,13255750,0.0003740060748553,-0.3907515072890181,-0.011636295511966,0,
2025-05-15,273.2738647460937,274.1724573634523,265.0866198544656,267.5827273860519,16201350,0.0231775363059887,-0.2810382854783432,1.0336988465988703,0,
2025-05-16,276.5687255859375,277.51725867398704,272.6248633399176,273.6732468272455,13449060,0.0120569921419495,-0.383551390875309,0.5239227068415845,0,
2025-05-19,276.61865234375,278.9150897863131,275.32068848452377,276.5687423761127,10202020,0.0001805220662847,-0.5044921906268482,-0.0205057833300958,0,
2025-05-20,271.0273742675781,277.5671639643237,270.4283023520597,276.66857132607777,12885410,-0.0202129467004403,-0.4045453674755218,-0.9553614550318528,0,
2025-05-21,273.9228515625,275.07105495377533,269.9290794397592,271.0772828310345,10476510,0.0106833389163976,-0.4942684052334437,0.460953158916812,0,
2025-05-22,274.1225280761719,276.9181869072532,270.9774385525113,274.0227081469,13207450,0.0007289516465416,-0.3925505121143358,0.0046347412906464,0,
2025-05-23,281.31134033203125,283.20837610716063,274.1225379030448,274.52193951470565,13548310,0.0262248137951719,-0.3798546780613799,1.1733888952413154,0,
2025-05-26,281.31134033203125,284.25675963267304,280.91196919043534,282.3097834210536,8653797,0.0,-0.5621580425454348,-0.0287810835972552,0,
2025-05-27,290.9462890625,292.443953588014,278.6654521413106,279.56404476260644,24400390,0.0342501255694016,0.0243470669641458,1.5412766888841,0,
2025-05-28,289.89794921875,298.78408637877595,288.3503441902216,295.58905639154534,37169000,-0.0036032074756066,0.4999328020076011,-0.1939554824903542,0,
2025-05-29,287.40185546875,291.59529825106324,285.05550806492056,291.2957775059214,15854790,-0.0086102497679847,-0.2939464244485725,-0.4234829816629214,0,
2025-05-30,286.2037048339844,290.546938357046,285.15535178051584,287.5516090956331,17881680,-0.0041689036168937,-0.2184519132604143,-0.21988752240918,0,
2025-06-02,286.0040283203125,288.7497467506277,282.958758688288,286.5032498530971,12638710,-0.0006976727075832,-0.4137340732810262,-0.0607630526843348,0,
2025-06-03,283.4579772949219,290.34722828221817,282.65923503873773,287.3019891516941,9276084,-0.0089021509254378,-0.5389800442901049,-0.4368640035843432,0,
2025-06-04,289.89794921875,291.2458534468024,282.0601650860625,283.4579792792018,13640670,0.0227193179930431,-0.3764145934720148,1.012693690799494,0,
2025-06-05,291.046142578125,292.5438071196934,289.0991664860608,291.5453640919811,11867060,0.0039606812068497,-0.4424753170378863,0.1527802452958221,0,
2025-06-06,293.5422668457031,296.4377456967668,290.0477160499209,291.5453806766847,15858710,0.0085763867044144,-0.2938004182598511,0.3643684999797849,0,
2025-06-09,303.7763061523437,305.02435999849143,295.1896895968348,295.5391507677691,26608260,0.0348639377102717,0.1065824455081215,1.569414411201751,0,
2025-06-10,302.3285522460937,306.3722649995929,301.62966037257155,305.3238814842125,15246190,-0.0047658552590469,-0.3166146301771089,-0.2472523437047699,0,
2025-06-11,302.1788024902344,306.32233532113327,299.23341358468576,303.02748523151865,17551030,-0.000495321248181,-0.2307674607861135,-0.0514870726309607,0,
2025-06-12,295.5391540527344,303.3769383876729,294.5407109647184,303.3769383876729,16175000,-0.0219725817389675,-0.2820197301397742,-1.0360247700720249,0,
2025-06-13,293.5921630859375,294.8402168832252,287.3518940994989,287.5515948950903,16908690,-0.0065879290107512,-0.2546923626390022,-0.3307779077235286,0,
2025-06-16,293.6920166015625,294.4907893223444,287.05237642351824,293.043034714096,16256310,0.000340109608429,-0.278991219118106,-0.0131901412187371,0,
2025-06-17,289.3487854003906,295.0399230068219,288.9494142720592,294.54070147889155,8857573,-0.0147883870029198,-0.5545681045064301,-0.7066945677200577,0,
2025-06-18,287.70135498046875,292.19434864638987,286.90261273899705,288.5500376558221,8400088,-0.0056935798698523,-0.5716078089062321,-0.2897801070837891,0,
2025-06-19,283.6576843261719,290.1475643279636,282.25987011210657,289.0492708490321,13910920,-0.0140550977056447,-0.3663487331398805,-0.6730799008677778,0,
2025-06-20,293.7918701171875,294.54070241145394,282.55938570319137,282.75908650302136,21062460,0.0357268156337431,-0.0999790650559879,1.6089695418159042,0,
2025-06-23,292.6935729980469,295.4392913760212,287.00246591482926,288.1007288899681,13408530,-0.0037383509581205,-0.3850609905765538,-0.2001505860584073,0,
2025-06-24,300.3316650390625,303.9260662062719,296.6374439403159,297.5360366146021,24073040,0.0260958652517682,0.0121544328116049,1.16747777347299,0,
2025-06-25,302.8277587890625,304.4752141644938,301.5297950381817,303.22716037708415,11854470,0.0083111241356297,-0.4429442501797238,0.3522086158641827,0,
2025-06-26,312.0134582519531,312.4128293845028,303.6265425881535,304.32543445259927,37158990,0.0303330827385908,0.4995599647756874,1.3617157839409892,0,
2025-06-27,322.9464111328125,328.787278498382,312.3629088915909,313.61096268253533,60666210,0.0350400041783804,1.3751210871318569,1.5774854626835138,0,
2025-06-30,326.24127197265625,331.38324767102034,324.6936974076364,326.3910323386155,36746290,0.0102025002485279,0.4841883438355511,0.4389110649026299,0,
2025-07-01,329.0868530273437,331.38325997750525,326.5907452684441,327.689038776373,20683380,0.0087223208684827,-0.1140984594489776,0.3710582584772203,0,
2025-07-02,326.1913757324219,330.43475894351366,324.5439202273573,329.6859266121445,13385180,-0.0087985201118965,-0.3859306958078409,-0.432113470219451,0,
2025-07-03,324.5439147949219,328.2381664225323,324.0446932490321,327.0400225243708,11497040,-0.0050505962452281,-0.4562572583518413,-0.2603051366818933,0,
2025-07-04,324.444091796875,327.0899598710832,322.8465767711059,325.4924448453141,9623498,-0.000307579324388,-0.5260400968287613,-0.0428808073466329,0,
2025-07-07,327.53924560546875,329.18670109067887,322.5470301231719,324.44409638249687,13172850,0.0095398679983715,-0.3938392402086627,0.4085353831391651,0,
2025-07-08,328.3380126953125,330.18513848588134,324.24438997650003,328.4877730631825,13953330,0.0024386912425324,-0.3647691100624121,0.0830108026036231,0,
2025-07-09,329.3364562988281,334.7779528071978,328.2381628159254,328.4877735861276,24522730,0.0030409016468104,0.0289038009254162,0.1106166904708049,0,
2025-07-10,331.1336364746094,332.88091183868323,328.48776844588184,329.98543304365944,13973000,0.0054569730784694,-0.364036471865435,0.2213716633966647,0,
2025-07-11,325.292724609375,330.484640515468,324.4939823792359,330.484640515468,14554940,-0.0176391378641542,-0.3423612572061111,-0.8373756520278963,0,
2025-07-14,318.6031799316406,327.1897961635524,317.1554253366439,324.4939877694424,17980880,-0.0205646919578894,-0.214757062770321,-0.971485786438239,0,
2025-07-15,320.6999206542969,322.04779439913455,317.80441142596624,320.6000702550331,12753150,0.0065810414168061,-0.4094715864858015,0.2729000067841813,0,
2025-07-16,319.0524597167969,322.19757965379324,318.1538670791108,320.5002143058924,14151920,-0.0051370793423921,-0.3573723322516496,-0.2642696026986795,0,
2025-07-17,317.6546630859375,320.4503220208253,316.85592080172097,319.60163930005467,12037730,-0.0043810871481765,-0.4361184608569969,-0.2296142138284011,0,
2025-07-18,316.356689453125,323.4456412686139,313.2615098750874,320.0010005257865,29776470,-0.0040861154695573,0.2245871055002448,-0.2160924363464641,0,
2025-07-21,316.7560729980469,320.3005338096837,313.61098333179564,317.7046061296448,16996840,0.0012624469727897,-0.2514090857166058,0.0290906657473634,0,
2025-07-22,310.31610107421875,317.9542151106832,309.36759841803666,317.5049035308682,15797940,-0.0203310132711104,-0.2960638866498004,-0.9607737369978004,0,
2025-07-23,313.96044921875,314.7092815538527,311.1148802513466,311.1148802513466,9726960,0.011743986637869,-0.5221865018549101,0.5095742419428126,0,
2025-07-24,315.9573059082031,318.9026945355493,312.9619768478128,314.5095513409893,11348070,0.0063602173280807,-0.4618058659880228,0.2627772241347618,0,
2025-07-25,310.7654113769531,315.0587044706008,309.71705832177975,315.0587044706008,10957080,-0.0164322661136958,-0.4763688659186841,-0.7820515228256302,0,
2025-07-28,306.8714904785156,315.358256762128,306.0228077561414,310.7654124440424,15732700,-0.0125300974815187,-0.2984938467906642,-0.6031724650520156,0,
2025-07-29,320.6000671386719,321.9978813045861,305.823091823121,305.823091823121,27086580,0.044737217650127,0.1243981802502732,2.022014793003064,0,
2025-07-30,319.8013000488281,323.4955515602267,319.2022585886568,322.49710849985564,15393960,-0.0024914751171847,-0.311110718312985,-0.142992631953576,0,
2025-07-31,328.73736572265625,332.13206591097327,315.9573072007346,316.5064386760274,49292430,0.0279425558071957,0.951487855204298,1.2521317947857515,0,
2025-08-01,328.98699951171875,332.1820296009208,325.49244868230744,329.43631109209764,19635750,0.0007593715077498,-0.1531189858495471,0.0060292161643513,0,
2025-08-04,333.380126953125,334.977641920679,328.0883909975451,329.3364448049992,19850630,0.0133534986121837,-0.1451154629331029,0.5833557753872386,0,
2025-08-05,332.331787109375,338.0728348511155,330.9838828499099,333.9293021402201,16052990,-0.0031445780926749,-0.2865641727637288,-0.1729314828585567,0,
2025-08-06,326.04156494140625,333.08060670763524,325.0930623284117,332.6812355826868,11615130,-0.0189275369132791,-0.4518588219166082,-0.8964370688112365,0,
2025-08-07,324.99322509765625,327.4893328173003,316.30675804526896,322.4971173780122,16461900,-0.0032153564345036,-0.271333715970341,-0.1761760282102597,0,
2025-08-08,320.6499938964844,325.4924490017193,319.60164083465827,324.5938563101448,10312940,-0.013364066896677,-0.5003608114296592,-0.641402402621958,0,
2025-08-11,327.75,328.6000061035156,320.79998779296875,321.0,11342710,0.0221425424564571,-0.4620055071032133,0.9862537610433554,0,
2025-08-12,327.0,331.70001220703125,326.54998779296875,327.95001220703125,10094420,-0.0022883295194507,-0.5084999115213447,-0.1336802478567283,0,
2025-08-13,330.6000061035156,332.6000061035156,328.6000061035156,328.6000061035156,11363620,0.0110091929771118,-0.46122668327511,0.4758906136622665,0,
2025-08-14,327.3999938964844,331.95001220703125,325.8500061035156,330.6000061035156,8079069,-0.0096794075860642,-0.5835646356146925,-0.472494175472516,0,
2025-08-18,329.3500061035156,333.70001220703125,327.6000061035156,331.25,9341169,0.005956054500257,-0.5365558573531319,0.2442500223034316,0,
2025-08-19,331.29998779296875,333.20001220703125,328.45001220703125,330.0,8842923,0.0059206972925947,-0.5551137653902998,0.24262921485293,0,
2025-08-20,328.45001220703125,331.0,327.04998779296875,330.8500061035156,8822662,-0.0086024017233543,-0.5558684162550153,-0.4231232199608584,0,
2025-08-21,323.8500061035156,329.3999938964844,322.6000061035156,329.0,10947440,-0.0140051938881223,-0.4767279219542133,-0.6707922632233936,0,
2025-08-22,320.6000061035156,326.29998779296875,320.1000061035156,324.79998779296875,8800338,-0.0100355100779623,-0.5566999066011932,-0.4888182465791073,0,
2025-08-25,319.70001220703125,322.3500061035156,318.3500061035156,322.0,11445520,-0.0028072173404568,-0.4581761968321801,-0.1574665506183248,0,
2025-08-26,315.75,320.1499938964844,314.20001220703125,319.5,10076770,-0.0123553708358112,-0.5091573118353582,-0.5951628322815671,0,
2025-08-28,310.1000061035156,316.8999938964844,309.5,315.75,15243090,-0.0178938840743765,-0.3167300942549244,-0.849053456436501,0,
2025-08-29,311.70001220703125,316.6499938964844,309.3500061035156,311.0,17274980,0.0051596455079769,-0.2410493506831929,0.2077418896290089,0,
2025-09-01,314.04998779296875,314.5,307.20001220703125,311.70001220703125,11486200,0.0075392219887904,-0.4566610101594281,0.316823899893307,0,
2025-09-02,311.75,316.25,311.0,314.20001220703125,13220790,-0.0073236359890737,-0.3920536441149623,-0.3645034033350229,0,
2025-09-03,313.70001220703125,314.70001220703125,309.79998779296875,311.0,11360600,0.0062550511853447,-0.4613391676347882,0.2579563098443889,0,
2025-09-04,309.45001220703125,316.0,309.0,315.25,10392900,-0.0135479752458381,-0.4973825831515557,-0.6498329332616075,0,
2025-09-05,309.3999938964844,313.8999938964844,308.8999938964844,310.0,8618197,-0.0001616361563218,-0.5634840171164763,-0.0361906360975178,0,
2025-09-08,311.1000061035156,313.3500061035156,309.6000061035156,310.75,6198613,0.0054945450567784,-0.6536049962316175,0.2230939980039355,0,
2025-09-09,307.95001220703125,312.3500061035156,307.25,311.1000061035156,10103720,-0.0101253418022635,-0.5081535192878983,-0.4929362167940991,0,
2025-09-10,310.04998779296875,313.3999938964844,309.25,310.0,10838910,0.006819209295974,-0.4807702820720543,0.2838178450001372,0,
2025-09-11,310.70001220703125,312.5,309.95001220703125,310.04998779296875,6146666,0.0020965148835823,-0.6555398389575136,0.0673251184492547,0,
2025-09-12,311.20001220703125,312.20001220703125,310.0,311.04998779296875,6049420,0.0016092693284699,-0.6591619098321064,0.0449893267348264,0,
2025-09-15,315.3500061035156,316.6499938964844,310.0,311.04998779296875,14414940,0.0133354554424744,-0.3475757639461623,0.5825286596213489,0,
2025-09-16,315.45001220703125,317.79998779296875,314.29998779296875,315.79998779296875,10963420,0.0003171273238624,-0.4761327232563132,-0.0142436706266793,0,
2025-09-17,315.8500061035156,318.70001220703125,315.0,315.8999938964844,8836571,0.0012680104010325,-0.5553503550103912,0.0293456984986008,0,
2025-09-18,317.3500061035156,317.95001220703125,315.8999938964844,316.29998779296875,9396848,0.0047490896660244,-0.5344820107761369,0.1889216260539463,0,
2025-09-19,317.0,321.6000061035156,315.79998779296875,317.6000061035156,17671560,-0.0011029024634757,-0.2262781429476967,-0.0793391634956825,0,
2025-09-22,313.8500061035156,319.0,312.79998779296875,317.0,7711667,-0.0099368892633576,-0.5972490656526086,-0.4842973762487277,0,
2025-09-23,312.54998779296875,315.0,310.75,313.8500061035156,11896530,-0.004142164362801,-0.4413776633691055,-0.218661770006214,0,
2025-09-24,306.75,314.1000061035156,306.0,314.0,11253780,-0.0185569925435755,-0.4653178362774472,-0.8794509685260413,0,
2025-09-25,301.6000061035156,308.29998779296875,301.0,306.75,12147550,-0.0167888961580582,-0.432028052784194,-0.7983997774303299,0,
2025-09-26,295.8500061035156,301.6000061035156,294.3500061035156,300.8999938964844,11503280,-0.01906498635158,-0.4560248403371419,-0.9027378795481246,0,
2025-09-29,294.20001220703125,299.8999938964844,293.3999938964844,296.0,9607887,-0.0055771298375673,-0.5266215515767537,-0.2844419287485218,0,
2025-09-30,293.20001220703125,296.79998779296875,292.20001220703125,295.0,10119810,-0.0033990481254511,-0.5075542234775596,-0.1845966270348651,0,
2025-10-01,300.04998779296875,300.8500061035156,293.04998779296875,294.0,8551743,0.023362807983448,-0.5659591944800717,1.0421918734821207,0,
2025-10-03,301.70001220703125,302.95001220703125,298.79998779296875,300.04998779296875,8773415,0.005499165076457,-0.5577026934937817,0.2233057840247111,0,
2025-10-06,306.25,306.6499938964844,301.5,302.0,8816471,0.0150811654254972,-0.5560990091923557,0.6625536371003139,0,
2025-10-07,309.8999938964844,315.0,306.29998779296875,306.3500061035156,18717960,0.0119183474170918,-0.1873034297134863,0.5175671030515991,0,
2025-10-08,304.6499938964844,310.95001220703125,304.20001220703125,309.8999938964844,7853613,-0.0169409490267806,-0.5919620772688707,-0.8053700230687585,0,
2025-10-09,307.3500061035156,308.1499938964844,305.29998779296875,305.29998779296875,6279739,0.0088626694932698,-0.6505833385616648,0.377491970632742,0,
2025-10-10,308.1499938964844,310.3999938964844,306.6499938964844,307.0,7654597,0.0026028559527644,-0.5993747220787137,0.0905362663787717,0,
2025-10-13,308.45001220703125,308.79998779296875,304.70001220703125,306.0,6533659,0.0009736112818086,-0.6411257131942807,0.0158501676745589,0,
2025-10-14,305.6000061035156,310.79998779296875,305.1000061035156,309.6499938964844,7420573,-0.0092397665447414,-0.6080912915453831,-0.4523406191700165,0,
2025-10-15,312.6499938964844,312.95001220703125,305.6000061035156,305.6000061035156,14796110,0.0230693313225285,-0.3333785244168389,1.02873862900905,0,
2025-10-16,312.1000061035156,314.29998779296875,310.6000061035156,314.04998779296875,10445540,-0.0017591165958916,-0.4954219286172965,-0.1094206327423861,0,
2025-10-17,309.29998779296875,314.75,307.04998779296875,313.54998779296875,13963050,-0.0089715419922746,-0.3644070743087457,-0.4400449549536195,0,
2025-10-20,310.70001220703125,315.79998779296875,309.1000061035156,309.20001220703125,14883900,0.0045264289340987,-0.3301086562260597,0.17871464996336,0,
2025-10-21,311.79998779296875,313.29998779296875,311.04998779296875,311.45001220703125,3190393,0.0035403139450298,-0.7656505924141639,0.1335102170625031,0,
2025-10-23,309.04998779296875,313.8500061035156,308.3999938964844,312.0,11107310,-0.0088197565993042,-0.4707733277218421,-0.4330869706536935,0,
2025-10-24,305.95001220703125,311.1499938964844,305.5,310.0,8292307,-0.010030660761631,-0.5756222714130138,-0.4885959493854313,0,
2025-10-27,305.54998779296875,307.8999938964844,305.1499938964844,306.8500061035156,8333968,-0.0013074829158424,-0.5740705459466048,-0.088717322670172,0,
2025-10-28,307.95001220703125,308.75,305.04998779296875,306.1000061035156,11236080,0.0078547684828862,-0.4659770989152966,0.3312888461496497,0,
2025-10-29,309.75,310.75,307.6000061035156,307.79998779296875,8605721,0.0058450648534433,-0.5639487041599683,0.239162153142437,0,
2025-10-30,309.79998779296875,312.79998779296875,309.1499938964844,310.1000061035156,8517048,0.0001613810911016,-0.5672514609896865,-0.0213832235251153,0,
2025-10-31,306.79998779296875,310.95001220703125,306.25,309.0,6533999,-0.0096836672634242,-0.6411130493921977,-0.4726894430645684,0,
