Stock,Date,Open,High,Low,Close,Volume,Returns,Volume_Ratio,Combined_Suspiciousness,IsoForest_Anomaly,WaveLSTM_Anomaly,Pattern_Anomaly
BAJFINANCE,2020-03-19,274.2777554281752,299.0656004004598,243.39212223589428,268.9978942871094,83247130,-0.10297754300038342,1.7116905814705419,0.46864162880222865,1,0,1
BHARTIARTL,2020-05-19,533.8787676951438,576.8949823228535,532.4448998182067,572.4021606445312,73259076,0.11290753809072474,2.5271053055165003,0.46018047122346495,1,0,1
HDFCBANK,2022-04-04,751.5072706543655,819.0953496497071,743.2074192757403,788.0362548828125,97450970,0.10013288998045677,3.068308526513102,0.453203489075947,1,0,1
HINDUNILVR,2020-05-07,1776.0281596238362,1827.8491159377784,1732.22173319066,1814.233642578125,185669922,-0.009028902864148924,4.378505016315722,0.447044624118768,1,0,1
SHRIRAMFIN,2018-07-04,213.27908673740464,213.27908673740464,182.6040553567776,199.54893493652344,94382685,-0.11700070389369688,4.008621995669367,0.4334933963233626,1,1,1
HINDUNILVR,2025-07-11,2500.0,2530.0,2461.0,2519.60009765625,7242235,0.04617181523894143,2.548243524796786,0.4321844810169463,1,0,1
HDFCBANK,2020-03-12,509.1068713765792,511.4748103132144,475.2216709744296,483.6752014160156,59000770,-0.08304910042700597,1.719508674120253,0.42866850998977696,1,0,1
HINDUNILVR,2024-01-23,2374.462021080028,2403.0408173353767,2291.5834646361577,2301.3681640625,4369332,-0.07400409853015011,1.8812975514678132,0.42491098320900567,1,0,1
BHARTIARTL,2019-11-19,408.08027709162087,426.00368417761325,402.87055143182624,419.9814453125,63965674,0.07368038353663531,1.6686332323167619,0.42455550154195165,1,0,1
HDFCBANK,2024-01-17,764.0965828252033,777.1397839265529,743.8504686909188,748.279296875,170145236,-0.08435815003093883,3.248588278465932,0.42296326273379453,1,0,1
HDFCBANK,2019-09-20,524.7352754208938,572.9938831612448,523.5039587194727,568.1159057617188,46150034,0.08950543441110126,2.5240674991266676,0.4193717272382163,1,0,1
HDFCBANK,2019-09-23,596.5076101596419,607.4711228325581,582.0394779614176,595.4183349609375,41920410,0.04805785038285837,1.7136924008149312,0.41510084116997764,1,0,1
HDFCBANK,2018-05-31,493.0982287037809,507.186749523889,488.40205509707823,502.3614196777344,39639192,0.05114603952603791,3.4336913315371054,0.4090853829087348,1,0,1
SHRIRAMFIN,2023-06-21,331.1158444750273,346.16042035589425,323.2799296970431,334.7346496582031,67327115,0.1120121114450845,3.153274930849085,0.4089871646732478,1,0,1
BAJFINANCE,2019-09-20,330.85111843660087,366.4938701477138,320.8189750736048,361.8222961425781,56480860,0.10117329330437919,2.5033434284024985,0.4029609265880305,1,0,1
HINDUNILVR,2020-04-07,2021.8364400542823,2240.4133524925837,2021.8364400542823,2226.6611328125,8510114,0.13499862113731775,2.0238034143175203,0.40013828190567435,1,0,1
HDFCBANK,2024-01-18,727.1084347245617,737.3288344094451,720.3191929835535,723.2879638671875,161070930,-0.03339840232408209,1.9903356816745061,0.39416702780485124,1,0,1
BAJFINANCE,2020-03-12,378.1114380506276,379.0860987620606,355.3953624767476,365.80322265625,52726190,-0.07351167860965846,1.5732152637433998,0.3918546895938293,1,1,1
BHARTIARTL,2020-03-18,439.721148742338,457.6923475989671,389.4877717155459,406.7898559570313,29342689,-0.06410811887886658,1.5341128024400845,0.3909199556947339,1,0,1
BAJFINANCE,2023-07-04,756.5106994484865,783.2110770760802,752.8171616958847,777.3221435546875,41622080,0.07192825018504245,2.7101540660567367,0.38674636064200235,1,0,1
BAJFINANCE,2018-05-17,187.96910813205983,203.33777288267865,185.64140837191275,201.26329040527344,55812030,0.07633013768874952,3.0232198238005252,0.3864713173433451,1,0,1
SHRIRAMFIN,2019-06-17,179.98913536505472,185.4380214687087,175.77063978988596,178.92572021484375,164823582,-0.06175404288890829,4.196446061696264,0.37940616134801475,1,0,1
BAJFINANCE,2021-04-12,464.3130376896482,464.3130376896482,431.0078830874372,441.8810424804688,45000460,-0.07415384477664233,1.6937512284275698,0.37708928027609523,1,0,1
BHARTIARTL,2021-01-13,564.0966811461951,577.2397372237944,543.9503860185873,554.7430419921875,85239439,0.022094623126286628,2.3041184366190772,0.37406492433313626,1,0,1
BHARTIARTL,2018-11-16,265.8555926262023,295.609674232743,265.0656665162824,292.0549621582031,25046229,0.09313413052834729,2.7183661846066123,0.3687245404669642,1,0,1
BHARTIARTL,2020-09-23,448.01555754246687,448.01555754246687,406.6676691064613,416.1652221679688,86810146,-0.07888314471027424,2.1866129368166347,0.36790348779802357,1,0,1
BAJFINANCE,2024-01-30,691.0948200189839,691.0948200189839,672.9484745686839,674.1549072265625,41531470,-0.05206725961556613,1.7629710899105506,0.3626269140315108,1,0,1
HINDUNILVR,2024-10-24,2589.324912263946,2589.324912263946,2399.1607603635493,2450.516845703125,9216267,-0.05798524451864118,3.3271472185335216,0.3625765957840835,1,1,1
HDFCBANK,2020-03-20,414.3892813178423,433.1433446587117,390.4967735453303,418.10693359375,88637464,-0.014181425073192422,1.5193149223983244,0.36208143618115674,1,0,1
BAJFINANCE,2019-07-25,312.63395568174604,316.9829985232803,292.82372060840225,297.7396240234375,102905770,-0.04003411521579758,2.3378972708749455,0.36180910680464495,1,0,1
HDFCBANK,2020-03-13,464.1398060865096,512.1616008174603,435.3219945252568,506.6443481445313,66342364,0.047488783095082754,1.5191363369638498,0.35746924775916644,1,0,1
SHRIRAMFIN,2023-06-19,284.2933583067077,289.67812778759605,280.39469037382224,283.6853942871094,15970295,0.048769373480149314,2.4544098336872207,0.3565367678844483,1,0,1
HINDUNILVR,2019-09-20,1651.6883926517482,1804.807064268943,1640.1365402072558,1784.64794921875,4539742,0.08660874228904203,2.732820657541978,0.35581212810489626,1,0,1
SHRIRAMFIN,2020-09-24,109.44438426955055,109.44438426955055,101.33638002491097,102.85035705566406,44394795,-0.08032946533004004,1.9770932680186641,0.35552558228467257,1,0,1
BHARTIARTL,2019-11-15,342.07434085837104,380.93229051718174,341.50077588410744,375.7225646972656,56210391,0.08427576589773422,3.0167477118361234,0.3544809487059696,1,0,1
HINDUNILVR,2020-05-04,1939.869699247433,1967.1918076875372,1881.5825345752096,1896.7462158203125,8474573,-0.05118462505991095,1.7125532822883889,0.35297916347920366,1,0,1
BHARTIARTL,2020-10-28,427.8692616477073,468.1618829672372,424.03185351759873,433.4814453125,125905730,0.042690627359104116,3.205165114318098,0.3518769995710882,1,0,1
HINDUNILVR,2020-02-03,1889.6879729823363,1999.568517336572,1889.6879729823363,1984.4501953125,4012542,0.07113183099872211,2.3474413128263785,0.34661306281071447,1,0,1
BHARTIARTL,2019-12-02,450.3795617670977,464.19255482968697,434.9893318188277,438.3828430175781,56782244,0.036501259537446096,2.072115649816281,0.34632988354602373,1,0,1
BAJFINANCE,2022-07-28,642.2334914514631,700.1300054770292,642.2334914514631,696.845947265625,64857820,0.10634959472888328,2.9114265437116953,0.3435794419393959,1,0,1
BAJFINANCE,2018-07-19,244.2822229531188,247.51147956701573,229.9993378392836,245.8724670410156,48898170,0.012636798836832774,2.4940131244064383,0.34296608034597625,1,0,1
HINDUNILVR,2021-08-20,2324.516099357055,2455.2117836582547,2311.446530926935,2445.316162109375,5779927,0.05363915753175719,2.529079088539889,0.3392378099494876,1,0,1
HINDUNILVR,2024-06-04,2299.8666921601257,2431.668282626243,2268.9629335739623,2418.34765625,7826048,0.05959524754424006,2.174801865260485,0.3388041609200471,1,0,1
SHRIRAMFIN,2024-01-11,432.3654302024941,446.38156458063565,429.6460198128267,444.4126892089844,14663945,0.06034884112091543,1.9193381504573563,0.33758286772471735,1,0,1
HDFCBANK,2022-11-11,743.404141412297,787.6715724866862,740.0359673088109,775.2333984375,56722338,0.05666491546172536,2.852656488212396,0.33699848661888965,1,0,1
HINDUNILVR,2024-06-05,2454.4341210050734,2638.88834844956,2446.151067118012,2521.47314453125,11061076,0.04264295417357866,2.0139509892799405,0.33622589333907593,1,0,1
BAJFINANCE,2025-09-04,915.0,948.0,912.25,934.75,21738706,0.042898597267316596,2.521325840753323,0.3354271450726798,0,0,1
SHRIRAMFIN,2021-01-29,218.4307043601177,242.3129369399841,214.59116665758728,237.23336791992188,90681265,0.1622265092873385,2.3847472191376715,0.3339576346325456,1,0,1
HINDUNILVR,2024-05-07,2195.239159731017,2314.979572141245,2188.457750146675,2305.097900390625,8277810,0.05460507827038019,2.470713994829708,0.3296637716754551,1,0,1
HINDUNILVR,2021-10-19,2492.459715616976,2550.4326724339,2352.9888546374973,2377.541015625,5431133,-0.04039200975058033,2.2290783891566095,0.32954203107897195,1,0,1
HINDUNILVR,2020-02-12,1964.5506441542336,2069.194224397881,1962.638007736547,2058.584228515625,4753325,0.05003145314527413,2.6028655738408704,0.3285221229180394,1,0,1
SHRIRAMFIN,2025-08-28,576.75,587.9500122070312,570.0,571.6500244140625,20025147,-0.03875901684855598,1.9102879099934273,0.3281580609462261,0,0,1
HDFCBANK,2022-02-24,689.6268166665427,701.5415010977686,669.2933137242217,675.119873046875,23630766,-0.05430084534555513,2.056253978587598,0.3268962167977939,1,0,1
BAJFINANCE,2020-11-10,381.9268471122351,415.7217831761866,380.344861845145,412.254150390625,114214480,0.08888743081375239,1.7835600967934968,0.32512681479896044,1,0,1
BAJFINANCE,2018-07-20,245.9505076636657,267.80409646620285,242.61880173362132,265.4967956542969,73612740,0.07981507181122316,2.3333717300966614,0.32281997586952293,1,0,1
HINDUNILVR,2020-04-15,2209.401940994171,2291.9603670232145,2168.91973386999,2265.50341796875,29485531,0.06013335091177496,2.6417353045559095,0.3221160600102584,1,0,0
BHARTIARTL,2019-08-02,317.3639184012543,339.3021921992651,312.7755471020043,328.4047546386719,28586783,0.06066691958266701,2.1130452065013072,0.32045401856280314,1,0,1
BAJFINANCE,2018-09-21,246.82856390902032,249.4626997560296,207.28233172733917,232.13592529296875,57508800,-0.04806867554344796,2.3292009236318827,0.3200417763700798,1,1,1
SHRIRAMFIN,2018-10-08,180.11179792440527,181.84498462997968,157.96546547351366,164.66188049316406,19862204,-0.09909000525204081,1.7363455510007233,0.3178998560957641,1,0,1
SHRIRAMFIN,2018-07-26,224.7283168166303,253.48353581565,223.74793740184265,247.02345275878903,49192337,0.09920913494394301,3.247095331008315,0.31721312491108744,1,0,1
HINDUNILVR,2022-04-28,2094.588708797426,2113.3742577552503,2033.5356746844964,2105.71923828125,5865359,0.04510274207475229,1.8938760093111646,0.3170958254503766,1,0,1
BHARTIARTL,2019-03-11,271.2534610958445,295.8729473779519,270.9462461606054,292.9765319824219,17059011,0.08130864606070021,1.8359897102846912,0.31571146942683315,1,0,1
HDFCBANK,2020-10-09,568.7789683314858,585.8281297469175,564.350933803847,584.1942749023438,44972388,0.03503101922792018,1.6342428587488247,0.3142263185844658,1,0,1
HINDUNILVR,2022-03-04,1949.001000015474,1951.7718230438988,1855.308060376176,1896.87109375,6320118,-0.03419421442657955,2.071413532423047,0.31321452009021145,1,0,1
BHARTIARTL,2022-02-24,666.5594249868041,672.961120143625,630.8369340094494,655.7107543945312,14139461,-0.047558234097423435,1.9737083373232425,0.310277834296686,1,0,1
BHARTIARTL,2023-01-11,760.820633255602,765.3855810225194,737.8978678210268,751.5435180664062,28389020,-0.034432688214944496,2.8606970789047597,0.309979232609526,1,0,1
BHARTIARTL,2020-01-17,454.1554556261133,481.5902240593365,454.1554556261133,478.0055541992188,61915666,0.05518049266052283,2.751165977055589,0.30946333427300715,1,0,1
SHRIRAMFIN,2019-09-20,184.7526925412492,205.7654119839899,179.444204966047,201.9698486328125,11252943,0.10200329328101065,2.0819307256937196,0.30885455898306646,1,0,1
BAJFINANCE,2018-09-24,236.3066448360524,236.3359118549901,211.5701336340417,220.5652313232422,77981720,-0.049844477777938434,2.1250487581383237,0.3086498204499039,1,0,1
BAJFINANCE,2024-04-26,692.2320449443337,692.2320449443337,661.7244139638533,665.6503295898438,58147230,-0.07727314877016733,2.8723631907028806,0.30805958381174214,1,0,1
BAJFINANCE,2022-04-27,696.6138654652053,696.6138654652053,656.2740453585403,658.7514038085938,39843570,-0.07270851332765604,2.704905011623125,0.3075361204174101,1,0,1
BHARTIARTL,2023-05-31,804.0156022056248,872.4894584374225,803.0338981736277,834.3502807617188,47342125,0.038426267833857164,3.2924118723354843,0.3071154629897567,1,0,1
HINDUNILVR,2022-07-06,2274.169307191341,2377.549346150267,2274.169307191341,2367.41015625,4770394,0.04034966880596347,1.7979040808071916,0.3053046319660353,1,0,1
HDFCBANK,2020-04-07,413.9157401505629,429.6862082218802,400.3474380216403,424.3820190429688,60412638,0.10106287922857726,1.517966821553663,0.305249296838796,1,0,0
BAJFINANCE,2023-01-05,639.0823864790428,639.0823864790428,593.2978988999616,600.6832885742188,51023000,-0.07167103919865747,2.961205955957118,0.3046838907274384,1,0,1
HINDUNILVR,2022-02-24,2066.4104243126926,2105.8600778677533,2029.121154791662,2039.5469970703125,2997629,-0.03937373352679285,2.1869843298281317,0.3044588912053692,1,0,1
HINDUNILVR,2021-07-22,2287.174344839934,2341.3196966769606,2217.625573945821,2220.099365234375,3546044,-0.023306951368058937,2.8095978347507917,0.3038157732126693,1,0,1
HINDUNILVR,2019-09-23,1797.5590222453732,1903.247068818987,1797.5590222453732,1848.070068359375,3783357,0.0355376079458074,1.697572614971761,0.29859166405288445,1,0,1
BHARTIARTL,2020-02-14,520.8783475265493,542.5298547409566,510.6978434164507,540.09228515625,37517890,0.04639329655314306,2.949467018159346,0.2978610785862432,1,0,1
BHARTIARTL,2019-03-12,292.0988474797156,310.7061107222343,289.07077273931924,308.7751770019531,30070085,0.05392460929423226,2.308445687608409,0.2976657098876678,1,0,1
HDFCBANK,2024-07-03,883.5569558267186,885.0369507276009,870.5576793248654,872.531005859375,123217802,0.021986632970162567,2.266056082699568,0.29638728304863526,1,0,1
HINDUNILVR,2018-12-03,1591.71212301446,1653.5995894081948,1572.4173237387654,1642.175537109375,4310053,0.04082092129662862,1.8871940353141767,0.2948012205781274,1,0,1
BHARTIARTL,2021-08-05,554.0235537084562,593.8365349334643,554.0235537084562,574.3617553710938,72423461,0.04230507833285113,2.734651260987424,0.2946544403316298,1,0,1
BHARTIARTL,2020-08-13,512.2919625858891,526.0106152255305,502.9383222285612,513.5870361328125,37464752,-0.02254874879279467,2.487396554092765,0.2939293492875411,1,0,1
HINDUNILVR,2021-03-19,2042.835958892242,2155.121865139089,2031.1577539844377,2142.8876953125,5382214,0.04372053068898918,1.6873945851397174,0.29243474406259595,1,0,1
BAJFINANCE,2022-05-06,608.4087139511994,608.8061068931866,586.234834539938,588.7171630859375,30648650,-0.04899795947825114,1.7461099059668428,0.29170677819578816,1,1,1
HDFCBANK,2019-03-13,510.7088941780267,524.5626067097525,510.0279719163252,522.8132934570312,57166348,0.025587505939399735,2.8946141243508854,0.291168324035188,1,0,1
SHRIRAMFIN,2025-04-07,593.3383208532675,627.136715544321,586.6184657093756,611.2579345703125,15188995,-0.06058743665319111,2.105248225188812,0.29075282826350324,1,0,1
HDFCBANK,2022-03-02,659.4713958190617,665.1314936990638,644.2034436334029,653.6448364257812,38505560,-0.03645925226808655,1.6834448510613012,0.2900164288606035,1,0,1
HDFCBANK,2024-06-19,795.941305047812,823.8145435842582,791.3039754417663,817.869873046875,90131196,0.031129539458385258,2.1308811088995028,0.2894866213866011,1,0,1
SHRIRAMFIN,2021-01-07,220.45151445941988,241.9271706447726,220.0841008750261,240.0716857910156,45813230,0.09154692666381692,1.758365560725926,0.28879306214884504,1,0,1
BHARTIARTL,2021-09-15,668.6655807320853,705.0728307833979,667.8501796419065,696.0070190429688,56796797,0.045087860804752244,2.203860703430368,0.28522349652997003,1,0,1
HDFCBANK,2023-05-05,788.6339045566583,799.1955126698393,780.5021582230617,782.2103271484375,62770416,-0.05912152017872363,1.500465698247615,0.28455209300710205,1,0,1
BAJFINANCE,2021-08-31,702.5006388229986,745.55333639525,699.5572003921759,738.263427734375,29464380,0.05010126655028113,1.8118588642625042,0.28292295260420286,1,0,1
BHARTIARTL,2024-08-30,1562.933998530286,1595.0654069756854,1548.6533591036334,1575.8758544921875,37820442,0.014783787733257725,3.1331652401266394,0.28210651016038474,1,0,1
BAJFINANCE,2022-03-07,623.02781509088,624.990107421875,598.4991609534438,600.9520263671875,28435880,-0.0631548509434916,1.5185246260919048,0.28203099000258236,1,0,1
SHRIRAMFIN,2020-02-04,187.5042168547206,198.15907881174735,183.2387177792756,186.52670288085932,31528888,0.06230061573077661,2.465747155324448,0.2817682769271054,1,1,1
HINDUNILVR,2021-10-20,2398.2661509669983,2412.269262008067,2305.8456180959465,2313.920654296875,4864654,-0.026758891186321243,1.53238878129729,0.28043827400816734,1,0,1
SHRIRAMFIN,2022-12-29,253.90055720089373,253.90055720089373,235.52148410106005,246.9837188720703,19945730,-0.054983545156937486,3.595251017565705,0.2797991029685123,1,0,1
BAJFINANCE,2023-09-25,749.0939178547807,776.2788478699063,742.6660492527265,773.3071899414062,23475330,0.04664475325520723,2.301335981507224,0.2780367060060519,1,0,1
SHRIRAMFIN,2020-02-28,215.9408836136843,224.28527504324248,207.39211338466697,212.6173553466797,68263144,-0.048894905552891,3.087228960813961,0.2729937941272076,1,0,1
HDFCBANK,2019-07-22,554.0485841969253,555.1945073268452,538.9864958205696,542.7667846679688,22171296,-0.03300163763649688,1.7753110608369702,0.2729900330979768,1,0,1
BAJFINANCE,2020-01-29,414.8613101771429,434.31969646402297,411.9489244200952,431.87640380859375,45814130,0.04889616957226095,2.7154759045613748,0.2717761089813304,1,0,1
BHARTIARTL,2018-12-11,252.77787067260363,258.3951461204629,247.511647077798,254.7527008056641,9994368,-0.015934803033392675,1.5311940732193907,0.27147189506212166,0,0,1
HDFCBANK,2024-09-20,846.8037464482039,860.8390072921377,842.3884524296358,858.989013671875,60623386,0.019139539375109926,1.809734929777072,0.2714203553362351,1,0,1
BHARTIARTL,2024-09-20,1657.1464350262888,1709.1120326642626,1652.187887943625,1697.55859375,21646275,0.02817074270741382,2.6205607899789944,0.2714036581259367,0,0,1
SHRIRAMFIN,2021-02-26,247.82425877202292,247.82425877202292,233.3112104378468,235.69024658203125,21843070,-0.07052790047758362,1.8123392335048452,0.2709805766112615,1,0,1
BHARTIARTL,2024-01-23,1129.214381611615,1156.384609865607,1119.3522472743955,1142.03515625,18194595,0.029333333920126936,2.0699407065682305,0.2705754151691562,0,0,1
BAJFINANCE,2020-11-11,412.49410081175233,433.9024370407937,404.9465490422257,418.1559753417969,138966540,0.014315986741624487,1.6725146964590067,0.2701408807728398,1,0,1
HINDUNILVR,2020-04-08,2214.912162951819,2380.9395459518705,2201.6153151396843,2241.18701171875,9791862,0.006523614524093446,1.748090596500406,0.2685343722426897,1,0,0
BAJFINANCE,2021-04-05,515.1523837956208,515.1523837956208,482.0039341036371,486.1083068847656,37396800,-0.05873316361280412,1.5677858345388291,0.2667995704722974,1,0,1
BAJFINANCE,2022-02-24,667.1794277698806,677.0105320303253,646.8157332388865,650.2841186523438,19300400,-0.05915914117962051,1.7346550471753481,0.2663124082559325,1,0,1
BHARTIARTL,2023-11-30,981.2823382714244,1004.162501313074,979.0140594779772,1000.7107543945312,9934052,0.019389144128555857,1.928896216956078,0.26575521022117843,0,0,1
BHARTIARTL,2021-02-26,551.1454703121035,562.1300309908667,529.320292393905,533.6853637695312,198547005,-0.03945443821784267,3.7089645959894595,0.2635884517271348,1,0,0
BHARTIARTL,2020-05-26,546.7836715819914,551.0374858219357,532.9706781359813,534.5957641601562,77933211,-0.05723192170265379,1.771939146263555,0.2631138531649052,1,0,0
HINDUNILVR,2021-06-18,2259.1683249822663,2330.770845732344,2245.165215529897,2317.887939453125,3937751,0.026967712192389248,1.8531829559261883,0.2629506687827606,1,0,1
HINDUNILVR,2024-07-18,2641.170184672811,2691.254549299426,2597.1506815949306,2678.7333984375,5569762,0.01857945006268591,2.120492684977491,0.2617050093354413,1,0,1
BHARTIARTL,2019-11-14,342.1221656212033,350.9165917030154,334.8572165744638,346.5193786621094,21487581,-0.016549020905316514,2.5665962781908256,0.2615424567951272,0,0,1
SHRIRAMFIN,2025-03-19,642.8163473969341,674.5738470928605,634.802310457429,664.9669799804688,9823834,0.07172080692719907,1.9628883943221695,0.261133812129769,1,0,1
HINDUNILVR,2025-04-07,2127.6254940825147,2238.064197764159,2127.6254940825147,2225.990966796875,3435185,0.0021606944206755685,1.7683523467731856,0.2601657764630151,1,0,1
BAJFINANCE,2018-05-18,201.5944041956254,211.5139097759391,201.18047968368435,209.36151123046875,83167340,0.040236949365621166,2.4369173641468147,0.25995194417124823,0,0,1
SHRIRAMFIN,2018-06-28,238.3435835462024,240.20795513699545,221.6949157830103,227.1486358642578,8389628,-0.05175281997931813,2.2822272391736567,0.25984189011773146,1,0,1
SHRIRAMFIN,2020-04-24,108.41475701917574,124.2326387858327,102.9495870333379,118.75858306884766,66007078,0.03822245800851487,1.5333965650656607,0.259660872006517,1,0,0
BHARTIARTL,2025-08-08,1886.300048828125,1893.800048828125,1856.0,1858.5999755859373,93801105,-0.03328825591007056,4.196052330687257,0.2593702423145234,1,0,0
SHRIRAMFIN,2019-10-29,185.00925945252015,204.9071916202277,185.00925945252015,203.24386596679688,7662863,0.033936311934498864,1.5671631504293282,0.25865785855405876,1,0,1
BHARTIARTL,2024-07-26,1430.2559923593203,1499.044377442625,1429.1711816899629,1493.5216064453125,9564987,0.04502642262360812,1.9230890791754442,0.25821201934859894,0,0,1
HDFCBANK,2020-10-08,558.8336375702047,569.7261576245393,550.9483886643206,564.4219970703125,35060674,0.02542502374641864,1.5401178310694181,0.25803014507359284,0,0,1
BAJFINANCE,2024-01-04,747.6106144641175,764.8126002318069,747.6106144641175,762.0040893554688,29118790,0.04343380144906095,2.500512231293253,0.2578226807259633,0,0,1
BHARTIARTL,2024-01-19,1075.9588555772568,1120.683610693574,1074.775447612418,1109.4901123046875,11753391,0.03491083929301797,2.021716048014271,0.2577639150770586,0,0,1
BHARTIARTL,2025-06-20,1864.4136798927684,1932.8416287824496,1858.4634234675789,1920.6435546875,16228526,0.031806021481542546,2.1189380886675035,0.2572181589036993,0,0,1
BAJFINANCE,2025-09-12,972.25,1004.5999755859376,970.8499755859376,1003.25,11412561,0.03401185261530526,1.6162284299979344,0.2569220150842678,0,0,1
BHARTIARTL,2024-09-12,1582.916941982038,1639.097302247129,1576.917051844284,1633.097412109375,12204496,0.043700045068804316,1.8068325221373882,0.25636188868236137,0,0,1
BAJFINANCE,2018-10-24,212.19452075599324,228.1944694698586,210.73111026802087,225.5408172607422,103572950,0.10965500647690996,1.6596744502759384,0.25632805125694763,1,0,0
HINDUNILVR,2025-07-07,2341.0,2415.699951171875,2341.0,2410.39990234375,2701583,0.030393644266045516,1.9599651243572906,0.2554098474851349,0,0,1
BHARTIARTL,2018-04-25,358.40674178322683,369.6056146284388,356.28804956384243,363.0765380859375,22192116,0.03347698748113692,2.4817247735985943,0.25518735132402914,0,0,1
HINDUNILVR,2022-11-30,2512.6471078293253,2573.698518194199,2502.153896672862,2560.677490234375,3698270,0.019038175354038955,2.0881166043853345,0.2551165080778354,0,0,1
BAJFINANCE,2024-03-28,695.4064558074881,726.7744279861258,695.4064558074881,716.4849243164062,35745180,0.031682686945808,1.8039556923057047,0.2539005165783788,0,0,1
SHRIRAMFIN,2021-01-06,205.3781282381332,222.01303180566435,205.11175550552852,219.93711853027344,44538525,0.07454096355030781,2.332593676586855,0.25362939627897796,1,0,1
SHRIRAMFIN,2020-08-28,132.92020651286063,142.9526081632781,132.24529448277545,140.9552459716797,67783000,0.07266787035846822,1.9086803605370852,0.2532798399337992,0,0,1
SHRIRAMFIN,2019-01-28,197.5661990572306,197.5661990572306,183.35513813910623,185.56106567382807,12306863,-0.057536923166226384,1.68707889900721,0.25295038609332304,0,0,1
BAJFINANCE,2024-07-24,658.9340461175844,661.3888693290506,650.0935767208703,656.6630859375,31006260,-0.017830875757901876,2.091841925379768,0.25194145301593596,0,0,1
HINDUNILVR,2018-11-14,1504.0084119289202,1564.7264548746152,1500.4553259305897,1543.1378173828125,1780843,0.02656939904520006,1.9783693289059576,0.25157546448129975,0,0,1
BHARTIARTL,2023-09-15,900.0183987790812,935.6207415631934,897.4542678056854,923.2437744140624,14003428,0.02317072123116848,2.2172043337633656,0.25050604415545374,0,0,1
BAJFINANCE,2020-03-23,260.2454757176762,264.48209907711987,217.95284090614507,221.98374938964844,48442350,-0.23230787416076126,0.8878318142505489,0.2502305246714968,1,0,0
SHRIRAMFIN,2020-03-23,92.92566391008673,97.75101268493164,78.20081014794533,80.34244537353516,11334920,-0.22181105621261565,0.6517715321274802,0.25019036732264793,1,1,0
BHARTIARTL,2020-03-23,398.04317721711146,426.05150839309647,381.8881950271548,389.3921508789063,14907385,-0.11952879796475069,0.7405116049482801,0.250153859925922,1,0,0
HDFCBANK,2020-03-23,376.3128921030309,397.2218071346781,362.2947033776795,365.3966979980469,50276954,-0.12606879092543,0.8109376830184167,0.25003991840349044,1,0,0
HDFCBANK,2018-09-11,480.4889657527908,480.8881290039828,468.2436885711549,469.7112426757813,18186536,-0.019964231857588,1.865348955004588,0.24997465141215736,0,0,1
HINDUNILVR,2025-02-01,2449.243296082011,2574.9216389516737,2409.807908391997,2479.97021484375,2970999,0.01508828346642388,1.6326253272532902,0.2497722402899541,0,0,1
BHARTIARTL,2018-10-25,267.2239433655678,270.18342232273983,254.29796733189045,257.2574462890625,16981629,-0.06427113254245642,1.723539747712601,0.24931806856826078,1,0,0
BHARTIARTL,2019-02-05,259.2728644075116,273.53552148228385,257.0347451324724,270.5074462890625,14678663,0.005382501262117367,1.673159374716674,0.2490834599283529,0,0,1
BAJFINANCE,2025-03-21,898.4510853028386,903.3260336366492,877.684208188832,886.1420288085938,27448010,0.027241818178730837,2.3146708147675406,0.24887256540562774,0,0,1
HDFCBANK,2023-09-15,803.0314427561306,812.7651572137806,803.0314427561306,808.75,173411202,0.011473595204611664,2.7615314949711554,0.24884825125666749,0,0,1
HINDUNILVR,2019-12-18,1785.0444891542218,1791.0553310155638,1737.094164698019,1756.40185546875,3986106,-0.016723118375830848,1.9875831711130967,0.24873737639409702,0,0,1
HDFCBANK,2021-08-18,740.4248615711514,744.5391374947473,717.4278004141593,719.6395263671875,22985932,-0.0010894288127869522,1.8307466891231279,0.24855359700443072,0,0,1
SHRIRAMFIN,2023-04-25,266.3257644101596,279.5687809736808,265.4504937190398,272.6142883300781,11463135,0.028830910218544004,2.7159289739510344,0.24781620178889907,0,0,1
HINDUNILVR,2024-07-16,2568.7336267926767,2665.6254929330485,2567.364226655019,2629.871826171875,3298003,0.02600845136559604,1.7679011623001477,0.24756033548175604,0,0,1
BHARTIARTL,2022-05-13,696.8576301727935,696.8576301727935,669.2472121470131,674.2806396484375,11938252,-0.021973390209671595,1.605506861050201,0.2474426457258782,0,1,1
HINDUNILVR,2024-09-09,2790.9343913948146,2874.180018870179,2781.2499574957774,2858.137451171875,3342754,0.029183371104858136,1.5732444608353786,0.24716364532016033,0,0,1
SHRIRAMFIN,2024-01-29,474.0921896710147,476.041581922742,448.77933009252064,469.6085815429688,17895075,0.04414535940190856,1.8632675547285045,0.24681618710883896,0,0,1
HDFCBANK,2023-10-26,725.7700665168079,726.1350808000519,710.6828094760561,712.2158813476562,55561798,-0.02211829834876411,1.7627887390049453,0.24648599441675395,0,0,1
HDFCBANK,2018-11-29,493.3329958530292,501.8800081671653,491.6893352290544,500.3890075683594,31908636,0.020007243488201043,1.7929388610819463,0.2447382921572262,0,0,1
HINDUNILVR,2025-08-20,2599.0,2680.0,2588.5,2669.800048828125,3156954,0.024953930736158814,1.6237851523489628,0.24463421505489524,0,0,1
SHRIRAMFIN,2020-03-25,81.75540251180347,103.08290123950432,80.58239530049545,100.77242279052734,13457734,0.16931354266306475,0.80486250866883,0.24451007912071207,1,1,0
HDFCBANK,2020-10-19,584.8808842087241,584.8808842087241,564.8007516016243,569.986572265625,42359556,0.0035017996851947064,1.5418481857650979,0.2442300759776846,0,0,1
BHARTIARTL,2018-02-05,361.2605147707712,386.3390563758749,355.5962325648182,380.6747741699219,15080352,0.04226364778335512,1.5842686551001364,0.2442263691041337,1,0,0
BHARTIARTL,2022-07-11,659.7179557569722,665.5821153637008,644.0313407396363,645.5950927734375,18687521,-0.04977334103162012,2.823188257701332,0.24310053114027025,1,0,0
BHARTIARTL,2020-04-13,469.35450504089744,497.93637423615417,469.35450504089744,489.6199340820313,24416550,0.048086840115904694,1.5261927938119977,0.24252425536580746,1,0,0
HDFCBANK,2019-07-23,542.117157811594,542.117157811594,529.7249074491386,534.7928466796875,27802864,-0.014691278489267212,1.7942955745560918,0.24157030303025553,0,0,1
SHRIRAMFIN,2020-07-08,129.74225549732836,139.40183184988848,129.74225549732836,134.70089721679688,69896387,0.0470401742110067,2.2020364086570323,0.241206276860863,0,0,1
SHRIRAMFIN,2020-05-12,126.00996934413034,126.07217643587222,114.45756966122526,119.09629821777344,38395737,-0.08972348223588711,1.6922094973233368,0.24114646541744245,1,0,0
HINDUNILVR,2025-09-04,2750.0,2750.0,2655.5,2666.60009765625,2494678,0.0007130808418183143,1.5399288738808918,0.23993050248231146,0,0,1
BAJFINANCE,2022-07-06,559.3201463061232,584.809596040709,555.9622824362302,582.62841796875,22229520,0.04515028782246455,1.6685351461287048,0.2392121943657926,0,0,1
BHARTIARTL,2018-09-28,310.571703468682,312.4866553291514,291.72673916628025,294.68621826171875,12408231,-0.05114921035208053,1.7219761167691234,0.23842903760460543,1,0,0
BAJFINANCE,2020-03-24,242.14808127154043,251.6155554164912,206.16381742396456,242.36358642578125,62572210,0.09180778814741086,1.009882750572322,0.2381373603240286,1,0,0
HDFCBANK,2023-11-30,763.6829374580863,765.2889647471237,750.542422535641,758.645751953125,69491440,-0.0002244128707779014,2.150922641573184,0.2381075775125641,0,0,1
BAJFINANCE,2020-03-27,289.4609603548168,297.7872485545324,244.89082940339836,249.0343780517578,71706090,-0.08998833764231684,1.2114748245487412,0.2374539173853182,1,0,0
SHRIRAMFIN,2023-06-20,283.714379803317,303.53579403963454,281.02197999390046,301.01708984375,13814600,0.06109477578214606,1.6045718671554896,0.2374387884685465,0,0,1
SHRIRAMFIN,2019-01-29,185.4380288382856,185.6050042231957,174.89178259963077,180.44613647460932,19258629,-0.027564668162714523,1.9963873183352576,0.2363205014335248,0,0,1
BAJFINANCE,2019-07-08,363.4087051016719,363.4087051016719,329.26734474171457,333.00390625,38571320,-0.08223666393151141,2.8833860154359408,0.23615352693578567,1,0,0
BHARTIARTL,2025-03-21,1695.4760559490876,1717.045736111863,1677.9723602490185,1711.4921875,14715349,0.012051097502286945,1.8637026708005309,0.23591086475917572,0,0,1
SHRIRAMFIN,2020-04-07,95.1917182579499,100.31031731102652,88.88233371856923,95.6626968383789,34760386,0.033803773774694124,1.5219766477607097,0.2358814025801218,1,0,0
BHARTIARTL,2025-09-19,1930.199951171875,1976.800048828125,1927.800048828125,1962.4000244140625,11287603,0.010973184841597705,1.907727473911653,0.23571696029748324,0,0,1
SHRIRAMFIN,2020-10-27,125.86109233187594,136.58664127714573,124.62072158991316,134.4615936279297,40165905,0.06833361015368977,1.520174798942347,0.23570251803028353,0,0,1
BHARTIARTL,2020-03-26,407.6979136550156,471.6964250405941,401.7234349617768,449.9493713378906,22302573,0.09694710601667156,1.3273765917872982,0.23523688684274757,1,0,0
HDFCBANK,2022-04-19,656.8078410106541,660.9221170332797,631.1709679279387,638.400634765625,74096022,-0.038159735712594345,1.8821059601159267,0.23522573810369385,1,0,0
HDFCBANK,2020-03-25,364.875744958341,410.8137639085549,357.6772042489588,405.7463684082031,47228042,0.11599585749765051,0.7510348426552553,0.23455424333889513,1,0,0
BHARTIARTL,2023-02-28,741.1865259043975,743.2480803534373,726.1173933517374,728.6697998046875,10562614,-0.014145374862590931,1.8234436685678268,0.2340748363103951,0,0,1
BAJFINANCE,2020-07-07,308.56246728097256,334.9763904563437,306.14294451637835,328.3447570800781,228764010,0.0782133519783228,1.7025638676881296,0.23372502498768222,1,0,0
BAJFINANCE,2021-04-28,481.4553601055544,520.1481103073232,481.4553601055544,517.297607421875,85764540,0.08547701623187853,2.2083199612081343,0.23315967030710738,1,0,0
SHRIRAMFIN,2020-03-19,117.30122480900609,129.9555371893215,104.14926967966043,110.6630401611328,18719938,-0.09406361904471638,1.1173265657816913,0.23258682006035397,1,1,0
BHARTIARTL,2018-05-11,346.0404497435528,348.24564195557923,329.9123682469291,334.3227233886719,25555353,-0.061878129902514845,2.3615327404549564,0.23251727499893993,1,0,0
BAJFINANCE,2023-05-08,629.673415517007,659.2789837175087,629.0382527638926,655.6207275390625,22247350,0.04195720557675631,1.7686325974998334,0.23245812334332733,0,0,1
BHARTIARTL,2025-02-28,1628.3372818952937,1634.7833933159038,1546.5708862217894,1557.18212890625,13640211,-0.04859431556770488,1.8130604366903842,0.2309486302208375,1,0,0
BAJFINANCE,2020-08-25,345.2960931318487,358.5201988262599,343.8267480546919,356.8451538085937,98540590,0.043198273657077735,1.8548242949432303,0.2307018712752586,0,0,1
BAJFINANCE,2024-07-23,689.1476517995588,690.225959062389,657.9401924261825,668.5845336914062,19322120,-0.022827418843773595,1.9842762335257418,0.23067091208407114,0,0,1
BAJFINANCE,2020-03-30,234.12055300201456,236.5057874671089,218.0508167716393,219.6279144287109,76983550,-0.1180819445616269,1.1862360496567748,0.2305019308194778,1,0,0
BHARTIARTL,2020-05-04,480.2996407688324,516.194271323101,477.8620716358155,509.0249328613281,34658164,0.03538780869397229,2.038614222276766,0.23048426390710908,1,0,0
HDFCBANK,2025-01-09,830.844525028491,833.237171528912,817.9932112311335,822.778564453125,40420222,-0.015640693917462478,1.7284108474161126,0.23047232731164727,0,1,1
HDFCBANK,2020-03-30,416.7572730287072,420.0723877005265,392.1307068951928,393.85931396484375,39268444,-0.08049092704897232,0.7556481792044385,0.23020471753911156,1,0,0
BHARTIARTL,2022-03-29,723.6372150201632,745.7255224935103,720.314167860704,737.8577880859375,15833573,0.029875084093823112,2.0672607440203388,0.22994845130067615,0,0,1
SHRIRAMFIN,2019-03-05,204.7727791852153,217.5513087405094,204.6058038115409,215.9869537353516,10059761,0.05940166785405654,1.5438594493441233,0.22940039122976066,0,0,1
BHARTIARTL,2019-09-30,337.4381583485931,358.3727008703128,329.0738992703745,350.8687744140625,19984719,0.051418055272189456,2.638722782647494,0.22855625309983052,1,0,0
HDFCBANK,2025-03-25,890.4143157035983,909.5555477752322,888.7369760332164,898.5789184570312,39101416,0.011916674078431333,1.5887289653401464,0.2284491571938918,0,0,1
SHRIRAMFIN,2020-03-30,122.63308053672124,123.67280152684847,103.11842866998391,108.30811309814452,18705667,-0.15968020144716166,1.0425308551934866,0.22826640195609993,1,0,0
BHARTIARTL,2023-02-27,739.2231464371894,740.5975560685999,724.9393645554616,739.125,6719439,-0.005547336306278128,1.5869913941041183,0.22819917673174156,0,1,1
HDFCBANK,2018-06-28,496.6202706456559,502.49048661073454,495.7279863536984,500.3420104980469,37533540,0.008638437738141436,2.3265477689116545,0.22758259888303922,0,0,1
BHARTIARTL,2021-11-22,723.246274272805,738.8351754935361,716.5024675838021,725.2987060546875,36884348,0.03884645874282677,3.1020512587183395,0.22682329604274837,1,0,0
HINDUNILVR,2020-03-24,1798.7054653441244,1886.0906306972147,1757.7223028426126,1846.837890625,5788124,0.08458570697560841,1.279367236929227,0.22645826270319172,1,0,0
HINDUNILVR,2022-11-29,2410.767327921726,2518.322733696854,2410.767327921726,2512.837646484375,2542932,0.043164834728245616,2.1581736626858343,0.2254654961766649,1,0,0
HDFCBANK,2024-09-18,824.7765131575844,838.1211584780381,824.4065144173259,836.0985107421875,40917342,0.015580102911475713,1.5440289435328842,0.22530688939096577,0,0,1
BHARTIARTL,2020-04-07,414.05478590442254,464.3359502807825,414.05478590442254,449.4714660644531,15553539,0.1090930490832085,1.1626193943998147,0.22504768047664414,1,0,0
BAJFINANCE,2023-10-06,776.2888583517791,810.1093531693756,775.7944068496442,807.7903442382812,21450340,0.04046037420557291,1.9036378697414058,0.224752323753094,0,0,1
HDFCBANK,2020-03-18,466.4840180328291,470.2727207173597,409.6534777648702,415.2891845703125,61181406,-0.10070754159002515,1.1712152984233177,0.2245706613440769,1,0,0
BHARTIARTL,2020-03-19,398.09098179457465,431.73920624369913,345.8024154426463,425.1434020996094,24017236,0.04511800349445472,1.1417184332192694,0.2242961604752766,1,0,0
SHRIRAMFIN,2020-04-20,143.96057717862251,146.27104820715672,121.21125439173342,121.7533187866211,38988900,-0.1458763714805058,1.660939522569891,0.22369357553414276,1,0,0
BHARTIARTL,2019-10-10,346.9016971129208,368.0274260811341,346.0413645676294,360.61907958984375,48555442,0.04966608019103114,3.4289790020714643,0.22349038269038884,1,0,0
BHARTIARTL,2025-10-17,1973.5999755859373,2034.300048828125,1970.300048828125,2012.0,6743801,0.02266950037231008,1.5313953253368704,0.22337428675104073,0,0,1
BHARTIARTL,2020-01-21,487.5168515448389,492.2964107470849,482.1636976864349,489.189697265625,65202963,0.005995645099180269,1.6334772860799784,0.22318535579019733,0,0,1
SHRIRAMFIN,2020-03-24,79.62263431897213,92.16142353926284,78.38742030271106,86.18083953857422,18324009,0.07266886311332299,1.0456250541956946,0.2229752410776875,1,1,0
SHRIRAMFIN,2020-04-17,128.85361867188269,145.29357425638247,125.29904722109032,142.5476531982422,22884553,0.17732126102635593,1.1936023479579085,0.2223087188659238,1,0,0
BAJFINANCE,2020-02-28,453.4751244336957,453.4751244336957,421.3946794011072,436.45513916015625,49414100,-0.06175680859225163,2.688376383683535,0.22214891728191716,1,0,0
SHRIRAMFIN,2020-03-18,142.09442289173245,142.09442289173245,120.3403851396356,122.15321350097656,17477319,-0.11533017285878111,1.0804697975225306,0.2219938359849453,1,1,0
SHRIRAMFIN,2020-05-14,123.53063052649944,127.96496571571254,114.12875359765036,115.20401763916016,51965854,-0.034913890791007596,1.7257162308686835,0.22131494628759135,1,0,0
HDFCBANK,2020-03-19,401.1288983050212,435.67713682679727,376.5023307585501,424.12158203125,67220048,0.021268065215991783,1.2475558075559572,0.22065168983462458,1,0,0
SHRIRAMFIN,2020-04-03,112.80468060874456,112.80468060874456,91.53050432302597,92.53467559814452,26790698,-0.16247074722077015,1.3450839361719624,0.22046521118593732,1,0,0
SHRIRAMFIN,2021-11-02,266.72720049131715,300.93867075985435,265.2917008218232,291.95513916015625,16632400,0.10169822167396458,1.9611264839564564,0.22041391247802944,1,0,0
HINDUNILVR,2020-08-31,1981.7192028379736,1995.9927379885264,1934.4322722650204,1949.81103515625,3534275,-0.016078484807194426,1.5274724847286245,0.2203179304367938,0,0,1
SHRIRAMFIN,2020-03-26,104.68245284451294,120.92689286369009,98.81738965735612,115.7727508544922,19072393,0.1488535022636659,1.1358680416294682,0.2200765822138522,1,1,0
BHARTIARTL,2020-03-13,433.794403084108,486.6087416423295,401.4844691251628,470.1669921875,24254296,0.05785557964033239,1.4217806659908905,0.2199825440866811,1,1,0
BAJFINANCE,2019-12-02,398.2566992935792,398.48635448497953,383.11806767926765,386.084228515625,20654040,-0.03037398774770339,1.7638293896755632,0.21987855000324724,0,0,1
SHRIRAMFIN,2020-03-27,121.10461899045688,144.7159356665563,120.89134751214588,128.88916015625,20152971,0.11329444281964962,1.2237354200668389,0.2198433342262009,1,0,0
HINDUNILVR,2020-03-23,1775.9371575198695,1807.8585339746144,1684.8634571342352,1702.804931640625,3574673,-0.08870681665936508,0.8691030522287543,0.21943637399399415,1,0,0
SHRIRAMFIN,2023-12-04,394.75192311222895,410.931884428371,391.2917638324775,408.29046630859375,9360830,0.04552606117222813,1.5445917598385979,0.2194267316801805,0,0,1
BAJFINANCE,2024-08-29,684.6801960962405,711.4102164531832,683.9347956052668,702.0231323242188,26391590,0.023702807612674404,1.8742868871028566,0.2193923322779501,0,0,1
SHRIRAMFIN,2021-11-30,261.1287416345916,269.2157314883581,259.71419858818524,261.8173828125,8840830,0.002458697458224357,1.6346890610369613,0.21937203362530328,0,0,1
SHRIRAMFIN,2023-10-27,357.24845406595387,391.7380700533848,357.24845406595387,373.4992980957031,25056665,0.0765465539374337,2.542773705235239,0.2186804451709528,1,0,0
SHRIRAMFIN,2020-03-20,113.21345709736444,118.14543518572708,101.27005863032178,103.24285125732422,21766088,-0.06705209700550685,1.1902725107122725,0.2186382080853173,1,1,0
BAJFINANCE,2020-03-26,258.34028725410525,287.6488098251235,251.2629351347378,273.66064453125,50961240,0.08048443346847645,0.8929876382397441,0.21846068950780875,1,0,0
SHRIRAMFIN,2020-04-21,115.87936815557372,119.91381684345974,102.78073677612768,104.61134338378906,37973339,-0.140792674677511,1.36110266475665,0.21837031891637085,1,0,0
SHRIRAMFIN,2025-02-28,607.2260009532114,617.231105920865,599.5603766787758,614.5431518554688,23771834,0.017303919176439253,1.9502573271430035,0.21777367042748752,0,0,1
SHRIRAMFIN,2021-04-12,260.0901847358619,261.17849861185806,238.4990068027228,239.9654693603516,24289800,-0.11479329235865277,1.762916225661812,0.21777268098185465,1,0,0
BHARTIARTL,2021-08-31,600.5998999183114,640.9405141409372,599.5925940337163,637.0551147460938,60781970,0.07027157337087142,1.9970802699641705,0.2170146254506447,1,0,0
BAJFINANCE,2025-01-02,693.7193937288879,738.4434234105497,692.8248888709156,734.388427734375,31716510,0.06544768173732796,3.0194329315103547,0.21649472603243836,1,0,0
BHARTIARTL,2020-01-20,477.0017888803566,490.09784722019873,472.4612073810165,486.274169921875,45298836,0.01729815825363845,1.5881084154099137,0.21524862983458282,0,0,1
BHARTIARTL,2018-10-24,252.4265417880452,286.1559690643379,249.5105955876753,274.9273376464844,13531404,0.10475688391474658,1.8493239201533578,0.2150045438376406,1,0,0
HINDUNILVR,2023-07-21,2548.555979457685,2573.897375284527,2492.776263680876,2504.31689453125,5198952,-0.036715173915489174,2.6191555490488887,0.21500101535609334,1,0,0
SHRIRAMFIN,2022-06-30,232.44418773306916,244.1510956799925,231.3431380406413,241.1678924560547,9956150,0.04676908661308432,1.9649778953185442,0.2145991233063126,0,0,1
HINDUNILVR,2020-03-20,1684.8632511411852,1893.330836897288,1684.8632511411852,1868.558837890625,4252245,0.11608547916024592,1.0662971419366352,0.21434199656094785,1,0,0
BAJFINANCE,2020-03-20,274.26298220900543,298.1790255846194,256.80718908585715,289.1572570800781,61101890,0.07494245576306291,1.1944462352981606,0.2140006194800362,1,0,0
SHRIRAMFIN,2020-08-26,127.685110365462,133.33973389833224,126.43562481018893,132.49154663085938,42148055,0.04518306905132552,2.127223366439133,0.21302108602461328,0,0,1
HDFCBANK,2020-03-24,376.6207025252112,383.6061226600706,349.86299150015697,363.5733642578125,61057272,-0.004990011541494921,0.9296934465505499,0.21280484539198238,1,0,0
HDFCBANK,2018-11-26,472.8811845773093,481.8273891401136,472.4467942719754,481.3108215332031,18184436,0.022089285548799742,1.6324668395618027,0.21264457706247109,0,0,1
BAJFINANCE,2020-03-18,341.86763923635226,345.7858929811815,295.72042010569953,299.878662109375,54435800,-0.11132550761960724,1.279930981850053,0.21221660797363245,1,0,0
BAJFINANCE,2020-03-25,239.9930032408403,264.4820852041913,235.09518684817007,253.27587890625,62263550,0.045024471874657745,0.9801358907848962,0.21204327864000033,1,0,0
SHRIRAMFIN,2020-04-08,93.3077916814722,108.23703222721552,91.2105849661438,105.82880401611328,26753505,0.10627033853028323,1.0942781283703698,0.21191282360665586,1,0,0
HDFCBANK,2023-06-28,812.7652324615918,817.5834334461853,808.1417176661517,815.7583618164062,59562950,0.010581271266300929,1.5886801339029921,0.2119088471877402,0,0,1
HDFCBANK,2020-03-26,412.0687766525044,444.08333265034827,398.2873817820586,426.75,57043156,0.051765421029390524,0.9374607961254956,0.21182051936969118,1,0,0
HINDUNILVR,2025-01-13,2391.8965200446955,2434.894300357316,2383.9797736911664,2425.4931640625,2595013,0.003664984196662502,1.5178514817548732,0.21140378568215984,0,0,1
SHRIRAMFIN,2022-04-08,223.8521975002115,228.39756491100653,219.60797922219064,227.2118225097656,12013760,0.028191705252918364,1.5965912481289781,0.2111089610969455,0,0,1
SHRIRAMFIN,2025-03-20,686.9185151907991,691.8961855907324,662.0301631911325,664.917236328125,8747482,-7.4806199166777e-05,1.5404105595726547,0.21086040581239993,0,0,1
SHRIRAMFIN,2025-04-28,619.9190539437379,627.5846781434545,593.487637543889,619.22216796875,32221482,-0.050671591345480826,2.8701793670923825,0.21081190467281363,1,0,0
SHRIRAMFIN,2019-07-25,170.57904094567076,179.60344991148344,168.9865030771761,174.5338592529297,53014832,0.06592118432259864,2.5590220775351535,0.21080299711001022,1,0,0
BHARTIARTL,2018-11-09,254.3577075752104,266.2944506180787,253.3922258776481,263.0908203125,9425801,-0.021224683962872026,2.101293631465621,0.21048863374910087,1,0,0
BHARTIARTL,2022-11-01,812.85096369513,826.0548953185559,806.0281084775233,820.2628173828125,10488759,0.004266898299712052,1.6795696577528774,0.21025546719055396,0,0,1
HINDUNILVR,2021-11-30,2181.0022485735067,2217.6340692859817,2162.2166994901863,2176.822509765625,3931035,-0.005087227467167499,1.8774839665443073,0.20932969753974687,0,0,1
HDFCBANK,2020-07-20,537.5221669572308,545.9994003595516,532.3837507560095,536.5986938476562,65124096,0.031498990632819135,1.9760999432950819,0.20912128530474128,1,0,0
BAJFINANCE,2024-12-11,691.7217052173432,712.1059336231641,685.0826788098302,707.1465454101562,19931040,0.025792200982825753,1.602166678697697,0.20885710012570158,0,0,1
HDFCBANK,2024-11-25,880.6216480727867,889.7482832055338,870.6810037082952,880.8929443359375,427737274,0.022914698246347953,3.776658532716199,0.20876024342495592,1,0,0
HINDUNILVR,2020-03-19,1725.2089065960636,1729.489325438528,1600.4379547345163,1674.2076416015625,5095006,-0.04444330956780895,1.3162603926321332,0.20840208791205403,1,0,0
SHRIRAMFIN,2020-07-07,124.4103670769023,129.50231546953066,123.49507414599346,128.6492156982422,48060904,0.037628957426057985,2.225599137754466,0.20826731660834918,0,0,1
BAJFINANCE,2019-11-05,407.7366780734786,415.8483975167565,404.1205931214543,413.1900939941406,29346520,0.02791159091171358,1.5840385974775877,0.2078302003265538,0,0,1
SHRIRAMFIN,2020-03-16,140.05052989666493,151.62957657205396,133.09243901440294,135.7228240966797,15813430,-0.07548423951783612,1.010071621475436,0.20676142620767107,1,1,0
SHRIRAMFIN,2018-06-29,226.5126556301048,234.30119904658795,223.3763229209043,226.4168243408203,7740956,-0.003221729774660953,1.6028717595498962,0.20624584362839396,0,0,1
SHRIRAMFIN,2023-01-30,235.74878828179504,240.67686326801265,233.54160947326525,236.671615600586,5905675,0.0022560680534653432,2.3107938322747157,0.2061145124656582,0,0,1
BHARTIARTL,2018-09-24,322.4096020112989,324.58569292859295,305.0879407098373,310.0494079589844,7884016,-0.038596661560479584,1.7479432000314292,0.20438285016135543,1,0,0
BHARTIARTL,2020-11-09,437.75049269147246,455.450464038629,434.15295087673286,452.6203918457031,24953555,0.0486774429137089,1.7071392352785624,0.20422174934648607,1,0,0
BHARTIARTL,2020-03-25,388.62739262008574,418.9299238209553,387.7193001165892,410.1832885742188,14093189,0.061997189527533525,0.8220034799566533,0.2041964171078227,1,0,0
HINDUNILVR,2025-08-18,2539.0,2597.0,2521.300048828125,2568.10009765625,3089136,0.03527372271035256,2.042553056434665,0.2039842108797319,1,0,0
SHRIRAMFIN,2021-10-22,277.6556056441615,288.7322143151016,275.12727205072935,281.2860717773437,19446090,0.018613503982261248,1.567842241905667,0.2039812068387559,0,0,1
BHARTIARTL,2024-06-28,1515.0704348342108,1515.0704348342108,1416.8435978477416,1424.1416015625,29145832,-0.021513739992307324,2.0539476917549795,0.2035861398717207,1,0,0
SHRIRAMFIN,2020-11-18,157.43912653411613,171.0336401639022,155.9327083274815,169.9864959716797,35810375,0.07468052081353727,1.9552990342201595,0.20351067501303383,1,0,0
SHRIRAMFIN,2020-03-13,135.60729129885078,156.1261190791599,127.40508744982452,146.80422973632812,14103988,-0.018303042201197606,0.8807174261318549,0.2028384518693035,1,1,0
HDFCBANK,2018-05-15,472.94812575425465,481.8025486085794,472.86644152033546,475.456298828125,9826684,0.00793864596620164,1.5294129878434917,0.2022458017765179,0,0,1
BAJFINANCE,2021-11-22,735.0747681817228,737.2823472012915,685.8261259345921,692.5224609375,19352430,-0.05700095851682463,2.222412982498772,0.20127065746741857,1,0,0
HDFCBANK,2020-03-27,447.5168243911924,468.2126182809355,413.0159337363424,428.3365173339844,55235936,0.0037176738933435427,1.0197101358522198,0.201252952743943,1,0,0
BHARTIARTL,2020-09-14,475.8366518342078,477.0358325097661,449.2627126185383,454.8269348144531,53032505,-0.035696164529451346,1.6982916243047836,0.20107856694300613,0,0,0
HINDUNILVR,2020-04-09,2276.796662830078,2276.842244144536,2135.6780250075744,2160.49560546875,4770068,-0.03600387019382123,0.795857435902022,0.200805963108205,1,0,0
HINDUNILVR,2020-03-31,2035.3151961649817,2106.5347887379,1989.9604467757504,2093.3291015625,2809269,0.052258140287487764,0.8947799985208401,0.2006708431099512,1,0,0
SHRIRAMFIN,2020-03-12,170.26450138842756,170.26450138842756,147.62180515603504,149.54129028320312,15827157,-0.14850987416452588,0.9374227397962159,0.20013812509632423,1,0,0
BHARTIARTL,2020-03-24,392.785655008788,418.54757692299125,382.5095719229185,386.2376403808594,12947855,-0.008101114752638972,0.6411471369830358,0.20005721498993337,1,0,0
BAJFINANCE,2018-06-25,228.09512995529664,233.6465456751757,227.3159804999888,232.8284454345703,23935350,0.023351384413564658,1.6847250218444438,0.1996487742152623,0,0,1
HINDUNILVR,2018-11-26,1509.4952358942428,1574.1712062730703,1509.4952358942428,1568.7740478515625,2314140,0.04113190574154646,2.027900611891191,0.19955321592533126,1,0,0
HINDUNILVR,2019-12-17,1802.3484554637068,1816.8746655998116,1775.9370834533747,1786.27392578125,2189167,-0.006785591845425376,1.5616556538750503,0.19952286220278262,0,0,1
HINDUNILVR,2023-01-20,2432.5173616432685,2484.983422384594,2419.2101073610484,2431.324951171875,4569549,-0.03811667768726268,2.0619965941659686,0.19944643446160426,1,0,0
HINDUNILVR,2021-01-28,2194.650916807748,2235.1073710294427,2122.4506131003463,2132.089599609375,3867335,-0.03801291566265064,1.5443052218791085,0.19863379443515122,1,0,0
HINDUNILVR,2022-07-15,2397.3534947135977,2438.9517493781723,2370.868944073689,2433.8349609375,2996964,0.028304876207168927,1.514729595533531,0.1984344883621851,1,0,0
BHARTIARTL,2020-08-31,497.42198781246697,501.0675208859944,487.8764739516853,492.2414855957031,190329697,-0.01977273716187755,3.385631169176621,0.1983778860739639,0,0,0
SHRIRAMFIN,2018-09-21,208.8582369782284,212.28085324425132,169.84394281414137,203.2735137939453,13499218,-0.025963826721326466,1.7871557434145984,0.19824209680353627,1,1,0
BAJFINANCE,2020-03-31,225.7991605008916,229.21784224693,205.7083199651936,217.0516662597656,110431110,-0.011730057973944552,1.4829116792966017,0.1972917877887305,1,0,0
SHRIRAMFIN,2024-09-12,649.4859155650007,671.6077802568635,648.6100792334754,669.31494140625,9163615,0.036845652895990844,1.5556274777727246,0.19725462042759068,0,0,1
HINDUNILVR,2020-04-17,2275.7498331062448,2275.7498331062448,2143.920642332611,2172.10791015625,4540936,-0.020976110681220184,0.4786550264050325,0.19667438706313817,1,0,0
BAJFINANCE,2020-04-13,246.84995385939035,246.84995385939035,221.9641491908693,224.05551147460932,81831990,-0.10366996121236804,0.9783849730609331,0.19611607589982477,1,0,0
SHRIRAMFIN,2021-11-26,286.9995992811756,289.7914242321596,266.98223369456025,269.26220703125,6705735,-0.07909244224434153,1.5311641668765459,0.19595960940282708,1,0,0
SHRIRAMFIN,2020-04-09,111.25843162979068,120.98020875409114,108.06818941708326,120.13600158691406,17482271,0.1351919045463501,0.7262909199305297,0.195790313415311,1,0,0
BHARTIARTL,2019-10-24,338.34626943224475,359.7587672090855,311.1504809144372,355.93511962890625,74062675,0.033301025922710226,3.4239808696717495,0.19572087149651557,1,0,0
HINDUNILVR,2020-05-08,1889.733402449221,1910.725931533594,1854.260246235652,1902.9390869140625,16100226,0.04889416790324885,0.366453058183785,0.19564684962545548,1,0,0
SHRIRAMFIN,2020-11-19,168.4984575319794,183.4156689820864,165.58666187815467,167.5064239501953,63358800,-0.014589817898814528,2.3559362854413655,0.19535560269024133,1,0,0
BAJFINANCE,2020-03-13,336.96978408112096,396.0864367729698,321.39963577906053,387.1773071289063,48499170,0.05843055268198616,1.2263316470183903,0.1951745390428656,1,1,0
BAJFINANCE,2021-06-10,559.8204210246373,599.002952679905,556.0980924749465,596.201416015625,52961200,0.07258776119730759,1.904474774228121,0.19497130885843333,1,0,0
BHARTIARTL,2020-04-15,510.4110719022965,512.3228957205665,482.7850869605922,487.9948425292969,26277115,-0.003319087805894294,1.4304461829382689,0.19467697464146644,1,0,0
SHRIRAMFIN,2020-03-31,114.279827101117,119.13184049782488,107.52612087591798,117.416748046875,19371894,0.08409928571534242,1.0671966363752383,0.19436970714105187,1,0,0
BAJFINANCE,2024-05-03,724.7669590979696,731.7881455404229,683.0302953294849,685.4580688476562,68186010,0.007090180593982254,1.9761081242184875,0.19429327961336393,1,0,0
HDFCBANK,2024-04-04,731.9754091764817,744.6292393883092,731.9754091764817,743.461181640625,88935066,0.030560629026979758,1.7333796139272286,0.19395679369979468,1,0,0
BAJFINANCE,2020-04-09,234.2136105271236,251.37064761158868,231.8724546428998,249.96987915039065,71932460,0.09385321837854788,0.8981445290747148,0.19294840562273585,1,0,0
HINDUNILVR,2020-03-18,1852.4844262974823,1879.578848931823,1738.915468752708,1752.07568359375,3910994,-0.040043928027057696,1.0915496456295803,0.1927727881467713,1,0,0
BHARTIARTL,2020-03-16,451.43102705572846,471.218467365378,436.0407990059933,444.3094482421875,14936276,-0.054996510548321664,0.823135780979564,0.19252981990735232,1,0,0
HINDUNILVR,2019-01-18,1574.1713640162527,1591.127416461846,1553.7521565309196,1568.8641357421875,3234056,-0.004225026044681113,1.6396617265065234,0.19239177710090757,0,0,1
SHRIRAMFIN,2022-04-29,224.8027183225181,233.197057718126,220.99138344040315,226.2425537109375,30651345,0.05276771089514609,2.508288445260009,0.19060292674737528,1,0,0
BAJFINANCE,2025-07-25,906.4000244140624,924.9000244140624,898.0,913.75,24415481,-0.04713489924568959,2.4319565606032434,0.19006246456083126,1,0,0
BAJFINANCE,2023-11-16,686.7485975995427,729.8795890110422,685.4333398092524,728.0748291015625,45570430,0.019123030404929686,2.686690190460188,0.18798700574688457,0,0,0
BAJFINANCE,2022-01-19,770.1997289619227,789.3320789170277,733.2105070718378,742.9042358398438,50003170,-0.02223663353109928,3.1267130174569577,0.18789933971411538,0,0,0
BHARTIARTL,2025-10-23,2063.89990234375,2067.0,2003.5999755859373,2007.9000244140625,8790128,-0.017421079317806454,1.6361255428684152,0.18787332813793922,0,0,0
BHARTIARTL,2025-03-20,1646.2375771399904,1695.475972258272,1632.4527924932477,1691.1124267578125,12074465,0.04159667160463454,1.8249969121044356,0.1874163879394484,0,0,0
HDFCBANK,2020-11-24,666.8116839168157,684.3344341333797,663.9938593712611,681.114013671875,40154400,0.031263457544116635,1.6069980630731613,0.1864181985787435,0,0,0
BHARTIARTL,2020-03-30,424.2830899586882,429.492845844444,409.1318377249441,412.04736328125,10210726,-0.039870840917840655,0.6723532159087293,0.1862950502050241,1,0,0
HDFCBANK,2020-05-04,453.4602994081905,454.6442688583424,434.5167882057595,437.12152099609375,26722324,-0.07865849065693997,0.7290992199404129,0.18610444916705876,1,0,0
HDFCBANK,2020-04-20,450.3820286359119,455.0942333496393,442.8046233171163,447.4694519042969,66232986,0.037954589359737945,1.2351938765253891,0.18563872450117755,1,0,0
HINDUNILVR,2021-12-17,2163.156171402099,2168.744826893624,2090.831800929688,2094.82373046875,2439222,-0.034315003764083474,1.7070001771927463,0.18545351328849513,1,0,0
HINDUNILVR,2020-05-13,1889.7790479940768,1889.7790479940768,1799.0696759251489,1817.6031494140625,8432979,-0.007854642471507134,0.1784811174634716,0.1854355434619575,1,0,0
BAJFINANCE,2019-01-28,254.63343753293347,254.63343753293347,229.75545800385376,239.85299682617188,23640470,-0.054259344983846325,1.817925185714591,0.18539190929594923,0,0,0
HDFCBANK,2020-04-15,440.6734653560616,440.6734653560616,399.2345312145728,408.8483581542969,57978752,-0.03579600606311373,1.1448027616001306,0.18484731387988518,1,0,0
SHRIRAMFIN,2025-08-26,619.9000244140625,620.4500122070312,593.0999755859375,594.7000122070312,18048586,-0.04211961731048919,2.3686172705963404,0.18459078238175497,1,0,0
HINDUNILVR,2018-09-04,1517.8337001899215,1518.683357174133,1452.406727753045,1476.869140625,3852609,-0.028191378274433965,2.0719127249541476,0.1845462033026335,1,0,0
HINDUNILVR,2020-04-01,2088.501483334562,2117.37179401561,1965.41549976248,1985.0872802734373,2774626,-0.051707980942064524,0.9558653152710266,0.18362106779375348,1,0,0
BAJFINANCE,2019-05-17,306.04793228381493,323.5112918845041,304.58937478803347,322.0576171875,58487160,0.061430007842154355,1.9283540631295109,0.18361154590711887,0,0,0
HDFCBANK,2020-03-16,490.1634119366812,491.1105876119212,471.219898431882,473.3510437011719,31986322,-0.06571336395104088,0.7036509131843248,0.18352160315071805,1,0,0
BHARTIARTL,2019-11-18,378.5425107032925,402.010231155017,374.81444239087705,391.16058349609375,43462375,0.04108887846879017,1.6648187651916466,0.1832935566971209,0,0,0
HDFCBANK,2020-04-17,433.33283252946575,435.7007715050366,420.1907712150475,431.1069641113281,55883462,0.03472570400140684,1.1343127293684667,0.1832063975123168,1,0,0
SHRIRAMFIN,2020-11-02,126.5724221778942,139.69662663031514,126.5724221778942,137.54421997070312,58773715,0.08738885116457551,1.6860545907501037,0.18262885705279075,1,0,0
SHRIRAMFIN,2019-05-09,177.17681895166783,183.3287860016808,174.18871359200512,181.5798797607422,15833680,0.005646399740932395,2.0361205361424357,0.18252427629375786,1,1,0
HDFCBANK,2021-07-19,707.2729809603507,708.1528987460736,697.2845931996463,699.6627807617188,25111600,-0.033730778548343276,1.8279555459054324,0.1824589174155577,0,0,0
HINDUNILVR,2020-03-26,1902.5294864693208,2049.158135258962,1876.1181149482052,1998.9764404296875,3201540,0.05112182098941176,0.7705040812259755,0.18226928723711475,1,0,0
BHARTIARTL,2020-03-27,449.9494388674533,453.8686958141139,418.213036334451,429.15826416015625,16378409,-0.046207659132656564,1.015659719999691,0.1822062528662797,1,0,0
BHARTIARTL,2018-10-22,251.94783718366435,252.42655308539625,240.98032972647945,248.7272186279297,7247010,-0.005395019075592478,1.6528558627745167,0.1819128406227454,0,1,0
BAJFINANCE,2020-04-08,213.9366261632592,232.54832950894945,210.03306567945617,228.52232360839844,91093390,0.03530296206454486,1.03763065782971,0.18187947435037485,1,0,0
BAJFINANCE,2021-10-27,772.1620667841065,777.0628873092197,732.0331628665933,734.1083374023438,31122330,-0.047545398191769506,1.921279965587464,0.18185073719526687,0,0,0
BAJFINANCE,2022-01-05,732.9064214381782,754.6142820337826,727.5199381532498,752.61767578125,25832620,0.044641173383883626,2.0695702444088413,0.18176059273285028,0,0,0
HDFCBANK,2020-04-09,432.38564965509744,440.86288260703225,421.4931305509712,438.0923767089844,44457146,0.0406681166251448,0.9871077582325098,0.18173188705635968,1,0,0
SHRIRAMFIN,2020-04-30,127.0941016979138,142.10333569048015,126.18768738897622,138.80645751953125,34771661,0.12027561024794764,0.9647686536738598,0.18164706037388706,1,0,0
BHARTIARTL,2021-08-30,571.7714395478874,599.592550798768,566.1112947733934,595.2275390625,40506274,0.04251024956427596,2.0819390485601876,0.18160058788270209,0,0,0
BAJFINANCE,2025-04-30,878.5787472966435,883.3492984982109,850.3528899743571,858.15478515625,39690570,-0.05042336843275441,2.1857109532668777,0.18150382160878958,0,0,0
BAJFINANCE,2024-06-04,683.9202924169468,683.9202924169468,630.4948478762619,643.7313232421875,32993870,-0.05870821017819128,1.799749799208792,0.1814591875342837,0,0,0
HDFCBANK,2020-04-08,416.7336121910767,447.5404944115309,410.1744034746511,420.9722290039063,56219352,-0.008034718451907952,1.3017182054071654,0.1813526176101157,1,0,0
SHRIRAMFIN,2022-02-25,207.63736583412253,215.7895054550482,205.15264282088225,209.8522186279297,9287685,0.05511910034570744,1.525689470595067,0.181183097458408,1,0,0
BHARTIARTL,2021-07-28,517.5683233688662,547.499970493946,515.985422666411,544.8137817382812,32532037,0.050596591969038984,1.676855810068884,0.1810153272681384,0,0,0
BHARTIARTL,2019-11-25,402.7749769165743,435.5628996750442,402.7749769165743,431.500244140625,34112216,0.07310117542199568,0.8771334415652372,0.18099788554541385,1,0,0
HINDUNILVR,2022-03-10,1927.303445464256,1985.63267099804,1924.5796323911936,1974.3143310546875,4879791,0.05207947171160909,1.2038534928468057,0.18084830189289902,1,1,0
HDFCBANK,2021-12-20,690.6256264168148,693.4794513193636,672.5989541701382,678.0925903320312,21156668,-0.032178231837599824,1.5405015626175036,0.17988490093808865,0,0,0
HDFCBANK,2020-03-31,404.3492849888451,413.7263182768991,396.8666030278932,408.1853637695313,35211092,0.03637352043416775,0.7524166227076098,0.17988242363006465,1,0,0
HINDUNILVR,2020-04-03,2034.5861455613465,2052.8920453893843,1938.0024570735184,1961.818359375,4121436,-0.01172186287709831,1.3352168449801967,0.1798152863021642,1,0,0
SHRIRAMFIN,2025-02-04,553.5169241202049,577.3102118901144,542.9642876416484,574.1742553710938,12290382,0.05602851767368344,1.7638899070687106,0.17969885097007307,1,0,0
HINDUNILVR,2020-04-16,2245.8774316098607,2300.6581729672675,2204.9854294382003,2218.646484375,5388243,-0.020682790951497165,0.511361575454081,0.17933030814865286,1,0,0
HINDUNILVR,2020-03-16,1821.473851752368,1857.174694777138,1761.2741631867405,1768.56005859375,2948679,-0.04490457677726267,0.9439856255259474,0.1788355454829207,1,0,0
BAJFINANCE,2020-04-21,216.48351876422237,216.48351876422237,204.23897584769392,205.683837890625,73839850,-0.09032807302103929,0.9332858280107452,0.17878306503410474,1,0,0
SHRIRAMFIN,2020-05-04,131.51951744742976,135.7672442270255,122.66860686134548,132.834716796875,29957456,-0.04302206705200273,1.0390520648623052,0.17858743193572962,1,0,0
HDFCBANK,2021-01-28,658.2396825593556,663.6385949413054,635.5548157983885,649.501953125,42704446,-0.02706433992185564,1.6638416771124525,0.17850604910162227,0,0,0
BHARTIARTL,2022-06-08,667.0480969094383,672.2280921782194,645.4973241707187,648.2827758789062,13904149,-0.032102781974407524,1.791694015136044,0.17806008746759147,0,0,0
HDFCBANK,2020-04-01,409.10881994288405,409.10881994288405,388.3420059433593,392.9121398925781,29103504,-0.03741737267575507,0.6741224996332381,0.17797252321707274,1,0,0
BAJFINANCE,2020-04-03,222.24334526823105,229.5802654458098,213.8435772957696,216.23861694335932,61726720,-0.005339327934767102,0.8017904947407646,0.1776306342265818,1,0,0
SHRIRAMFIN,2024-06-03,479.63592965565175,498.6158229249172,474.7906159684553,491.2156982421875,15161795,0.06588638394330837,1.744409088676018,0.176596118111554,0,0,0
SHRIRAMFIN,2024-06-25,564.4532001664651,587.3092963864965,560.2245660631794,585.3222045898438,15844875,0.037331933770718306,1.6853017447823573,0.17657272436364962,0,0,0
SHRIRAMFIN,2024-10-17,665.0342430666706,666.4021142656538,638.8481646618973,641.3378295898438,8237815,-0.03887445357639174,1.9899329548076028,0.17647580716199912,0,0,0
BHARTIARTL,2024-04-18,1203.1804169804218,1264.177695190026,1199.038368617902,1248.2996826171875,19939924,0.04052779810848306,2.277472759483089,0.17633316000446878,0,0,0
BAJFINANCE,2019-01-29,240.779806892272,250.7407607599192,231.37982406372308,245.41880798339844,61188330,0.023205093248262587,2.7448148767195035,0.17619178401333155,0,0,0
BAJFINANCE,2020-04-24,207.03072547093083,207.03072547093083,192.97888764818208,193.58621215820312,104944510,-0.09031267775640783,1.3288037011024671,0.17614300217090825,1,0,0
HINDUNILVR,2022-06-17,2046.75246167954,2047.1313973769943,1989.898226632886,1999.80029296875,3252189,-0.016886292061578212,1.7771588684418207,0.17579704406553176,0,0,0
HINDUNILVR,2020-03-13,1794.151796226387,1930.762339086264,1719.562417590105,1851.7103271484373,3667035,-0.011065429997360487,1.2103243810010655,0.17496198190660156,1,0,0
HDFCBANK,2020-04-29,442.804580491512,470.1306015606987,442.3783399213504,462.74261474609375,55877778,0.04906573674362913,1.4946490932597332,0.17463750624674734,1,0,0
SHRIRAMFIN,2019-07-23,184.8234651550042,184.85885211608044,172.72898053856494,173.5518035888672,18067890,-0.05533353382979056,1.7676537124554248,0.17459634184892497,0,0,0
BHARTIARTL,2022-05-18,704.6764680920681,710.687255169435,673.5964360763676,680.3890991210938,18992703,-0.015416130507257653,1.9806367181814073,0.17430922016095657,0,0,0
BAJFINANCE,2020-04-01,213.54480426315175,224.0163385701367,208.9065713341452,217.39938354492188,64083010,0.001602002376430267,0.8563469325030401,0.1739453847086264,1,0,0
HINDUNILVR,2020-03-27,2039.1400358110168,2065.2325605502824,1931.217706984038,1949.47802734375,2918646,-0.02476187917217154,0.7506025222377858,0.1737684411624248,1,0,0
BAJFINANCE,2020-03-17,362.6441598286682,365.8375460953157,333.2474823697232,337.44488525390625,25585480,-0.06192388254826575,0.6872188660104944,0.17348045016950203,1,0,0
SHRIRAMFIN,2025-01-20,506.3552769303298,516.7598374151996,488.8657122585627,512.0034790039062,12701612,-0.018613511900005708,1.7988897132202917,0.17342000609212044,0,0,0
BHARTIARTL,2021-09-24,699.4127467569435,722.3891754288528,698.4054408821937,709.342041015625,72175065,0.01733624164399039,2.5136053752957634,0.17321928768139264,0,0,0
SHRIRAMFIN,2023-04-28,256.86916395092044,259.72326577259736,249.06794069163357,253.5583953857422,15378245,-0.05190128071926137,1.905046148753762,0.17313474756493397,0,0,0
BHARTIARTL,2020-03-12,457.4055720775573,460.2733079900418,438.9563878247566,444.4529113769531,14471096,-0.05842438923439086,0.9597979767001252,0.1726080368533379,1,0,0
BAJFINANCE,2025-01-30,780.1858499375447,820.0051467305362,780.1858499375447,785.3191528320312,56488830,0.018299713092788883,2.56412324641703,0.172410746374472,0,0,0
SHRIRAMFIN,2020-04-01,114.6530548920173,118.88300411954138,107.89045643371828,110.4853057861328,14566228,-0.059032824329073086,0.7927703437082956,0.17236932401091093,1,0,0
BAJFINANCE,2020-04-07,219.91196223748616,223.9281777716055,203.89609620265767,220.7299041748047,111614780,0.020770051598238748,1.313612160573612,0.172047633430682,1,0,0
HDFCBANK,2020-01-20,617.9610470531414,617.9610470531414,593.1687365718038,594.3053588867188,22178450,-0.018190366888758858,1.6821888891258714,0.17144913096087544,0,0,0
HDFCBANK,2020-04-03,399.2345085366726,399.70809632853104,383.60611140534377,385.4294128417969,34996280,-0.019044275528944055,0.9028257300859742,0.17133147943589028,1,0,0
HINDUNILVR,2018-07-17,1580.443012027886,1592.0704931576893,1501.0183280221445,1504.1488037109375,6188478,-0.03971486936305335,2.5757759903942796,0.17092102468660703,1,0,0
HDFCBANK,2020-04-13,442.3310049740229,448.3455758120512,419.6935139266889,424.0268249511719,34158056,-0.03210636045181847,0.7417812045502858,0.17076428295805277,1,0,0
SHRIRAMFIN,2020-02-06,201.27824248137105,219.4066113722052,200.90499997830253,216.6073760986328,31541240,0.075731423856223,1.5302503413454525,0.1707519188818224,0,0,0
SHRIRAMFIN,2025-02-27,578.7039095273482,606.0810948812037,577.7083755144807,604.0900268554688,17099035,0.05668257514497954,1.909895452007516,0.17025631351575732,0,0,0
BHARTIARTL,2020-04-09,450.2361774652168,470.5971845240717,450.2361774652168,467.1558837890625,11962829,0.05859417383880805,0.9170846988543798,0.17003181443156437,1,0,0
SHRIRAMFIN,2025-10-01,616.0499877929688,649.9500122070312,616.0499877929688,648.7000122070312,15107673,0.05291354960709049,2.2666231556020064,0.16947440126206864,0,0,0
HDFCBANK,2025-06-26,977.4872979366618,1000.03252920567,976.7966216145232,997.4179077148438,50084830,0.02100796522285253,1.8446634517322658,0.1693847674140953,0,0,0
SHRIRAMFIN,2018-09-14,200.27986226080608,214.63558159687724,199.5795715665587,212.72732543945312,12712337,0.032063768791861014,1.717872513995452,0.16918482493732567,0,1,0
HINDUNILVR,2020-04-20,2203.9833743429945,2203.9833743429945,2113.820418119872,2127.982421875,2985268,-0.020314593061850128,0.32697686760360656,0.16905411843617915,1,0,0
BAJFINANCE,2020-04-15,229.70761283862356,231.9606116042561,212.40851994333784,213.7848052978516,93336280,-0.04584000683206424,1.0375103738498728,0.16892903837906445,1,0,0
BAJFINANCE,2025-06-06,894.5,943.4000244140624,887.5999755859375,937.1500244140624,19783860,0.048970224764313564,2.0236340526913685,0.16869591870475853,0,0,0
SHRIRAMFIN,2021-01-25,218.2469984701677,232.3558955391715,218.2469984701677,220.6444091796875,36180365,0.043801296682096647,1.6368707617611122,0.1683003366493916,0,0,0
SHRIRAMFIN,2025-10-31,733.4500122070312,769.7999877929688,727.0,748.9000244140625,18363586,0.014426040520233663,1.8300434494637217,0.1681017878451526,0,0,0
SHRIRAMFIN,2025-07-25,625.0,629.9500122070312,601.7000122070312,615.8499755859375,16922561,-0.027937830554919496,2.168778397950543,0.16803253516761482,0,0,0
BHARTIARTL,2021-07-22,509.5098232202191,525.7228188364644,502.3626402027326,524.4756469726562,20220601,0.039847927996566,1.8337172749913953,0.16779975303597633,0,0,0
HINDUNILVR,2020-03-25,1830.6268275415343,1948.020729964772,1822.9766150240143,1901.7552490234373,3959038,0.029735884604280116,0.8732240020616623,0.16733989706275718,1,0,0
HDFCBANK,2024-01-24,671.7480069982282,709.8068089160445,671.7480069982282,708.5657958984375,86004404,0.02000212977424387,0.6695132705603887,0.1672970617686112,1,0,0
BHARTIARTL,2024-06-04,1371.9214220157578,1377.7401050911126,1202.2434805896828,1281.781494140625,19924421,-0.0657034779839557,1.598748082489678,0.1672314403073792,1,0,0
BAJFINANCE,2020-12-15,479.0015320968066,504.4750794857056,476.9346679648781,501.7812805175781,59367960,0.04569625704852909,2.0779653342730526,0.16658931689051798,0,0,0
BHARTIARTL,2018-10-05,268.52961999059784,274.97085648143866,254.0803709066919,259.91229248046875,7954131,-0.037240111364815864,0.8357068389532238,0.1662495130055007,1,1,0
HDFCBANK,2020-05-18,420.5460199885116,420.5460199885116,393.6935825257109,396.227294921875,46649964,-0.05798555269481975,1.1407540121339932,0.16612787769719706,1,0,0
HINDUNILVR,2020-04-13,2168.4645392354787,2206.7154886886037,2108.355904380568,2136.99853515625,3249551,-0.010875777878475268,0.5337101617772554,0.1661133970057004,1,0,0
BAJFINANCE,2021-04-29,524.0664197522071,541.208779276812,522.1072929493952,537.2758178710938,72584860,0.03862034187396857,1.5050699296421737,0.16604179381825787,0,0,0
HINDUNILVR,2022-07-20,2439.9941784014145,2480.739712254332,2402.659991081673,2467.947509765625,4012897,0.014233280478128885,1.7129840179141833,0.16599338515426992,0,0,0
HINDUNILVR,2020-05-06,1866.9652225906611,1887.957754391999,1821.473955033284,1830.763427734375,5127656,-0.015331883321112794,0.8547072542944337,0.1659792644790004,1,0,0
BHARTIARTL,2020-04-21,462.6630923531286,481.5902327728169,458.0269014181993,478.4356994628906,15781695,0.020803651232875087,0.9010001911993383,0.1657756436828192,1,0,0
HDFCBANK,2020-04-23,442.8045730635775,453.9338858625016,432.172521651164,452.2526550292969,40901222,0.028376041306541477,0.8721499619826477,0.16499268241534812,1,0,0
BAJFINANCE,2020-06-01,195.62370754598948,218.0899913838169,195.62370754598948,211.66896057128903,189159830,0.10605798331193927,1.4432158008132128,0.1647604018015257,1,0,0
BHARTIARTL,2023-04-17,774.5644531711364,774.5644531711364,740.548385727987,745.75146484375,9083437,-0.009647320771814849,2.031453110377898,0.16386190389608307,0,0,0
HINDUNILVR,2020-04-21,2079.21224495816,2165.732246390935,2078.301508100973,2110.54150390625,3227335,-0.00819598780021058,0.35366261870384524,0.16367033390026794,1,0,0
HINDUNILVR,2024-09-20,2861.0720820698443,2924.215660952233,2832.312530336073,2912.7216796875,3641632,0.022615292821949184,2.1657930458290533,0.1636426653939232,0,0,0
BAJFINANCE,2020-03-16,375.5107100794646,375.5107100794646,352.6428026924444,359.7201538085937,31404670,-0.07091622575692713,0.8010450093312967,0.16341012356258322,1,0,0
HINDUNILVR,2025-02-28,2221.6862995661827,2226.188997022339,2163.102429455049,2167.45654296875,3683249,-0.024365847284645414,1.7083073409579697,0.16334265722464464,0,0,0
BHARTIARTL,2019-01-18,290.08013231226727,291.7916436634353,267.08436589469915,273.0966186523437,16359865,-0.06294247725060931,2.1516834957937925,0.16267247383721295,1,0,0
HINDUNILVR,2020-05-12,1839.6884799441311,1846.8377421487312,1807.8126894500497,1831.9927978515625,14881008,-0.017797878613552864,0.3194205252431438,0.16262658739085584,1,0,0
BAJFINANCE,2020-04-28,203.84714647441956,219.8238228983032,199.341148922934,218.2565155029297,147563440,0.09004185985510427,1.318642824677977,0.16258494195946893,1,0,0
HINDUNILVR,2020-05-05,1913.6404840939772,1931.673120637399,1851.6193184384288,1859.26953125,4304136,-0.01975840745468649,0.7960912857022897,0.16255575496020816,1,0,0
HINDUNILVR,2020-04-22,2111.042809632308,2185.7232445150075,2072.518589607382,2173.155029296875,2837815,0.02966704292464195,0.747596221352856,0.16154224019958913,1,0,0
HINDUNILVR,2018-05-15,1358.217084753124,1369.224878877657,1340.9064748494077,1345.3450927734375,3239290,0.007947656913202206,2.313416026088483,0.16153527265665224,0,0,0
HDFCBANK,2025-04-07,869.6450067324856,878.0562747489253,857.5090006629878,867.1289672851562,37995450,-0.032796063660856634,1.5461582027101832,0.1614409705281042,0,0,0
BAJFINANCE,2023-03-20,565.1301319388851,565.2728752923233,540.1871884103278,546.5977172851562,17127560,-0.031671013742757936,1.503232981821016,0.16124194015213544,0,1,0
HINDUNILVR,2022-10-25,2450.4174933478644,2450.4174933478644,2368.926424350217,2374.043212890625,2923789,-0.026310622147684093,1.6665268294273334,0.16088515990680896,0,0,0
HDFCBANK,2025-10-23,1016.0,1020.5,1006.0,1008.7999877929688,43526526,0.0010915704799172588,1.854711767868877,0.1601439412522811,0,0,0
HINDUNILVR,2025-04-24,2398.576257119483,2461.514245206665,2292.9867017267416,2301.101318359375,7065430,-0.04063863164263304,2.3419233322509987,0.15985909347106272,1,0,0
BAJFINANCE,2020-11-27,475.9698470335248,485.86344328895535,468.73579169869913,480.84808349609375,123647070,0.018159196955634505,1.7651934435178962,0.1597300542169545,0,0,0
HINDUNILVR,2020-06-25,1938.712533586401,2008.0340017617784,1936.60349826125,1992.675048828125,8208033,0.020114396085368913,1.8078870871567232,0.15936995669936393,0,0,0
BAJFINANCE,2020-05-04,215.50395423236327,215.71945938235177,198.7093350685174,203.71490478515625,73127450,-0.10286438217727611,0.6042812335171031,0.15860752807641867,1,0,0
BAJFINANCE,2025-01-28,734.4679769227307,765.9536875174641,729.9955738156234,755.9951171875,24789330,0.04264988894371702,2.2097449623317,0.1578034321538132,0,0,0
HINDUNILVR,2020-03-12,1914.7332517803252,1933.4945216645049,1850.298724514436,1872.4295654296875,3655780,-0.04596287917891917,1.3289313106188727,0.15752213973824708,1,0,0
HDFCBANK,2024-01-23,712.9946289403671,717.7154569857805,693.5271987986505,694.6708984375,115469402,-0.029442754671453852,0.9926727425350373,0.15732270720455271,1,0,0
BAJFINANCE,2021-05-18,538.8577591978805,558.8408748699633,538.8577591978805,557.2490844726562,31478830,0.04763256039283714,1.5367803080158082,0.15710309609969297,0,0,0
HINDUNILVR,2018-04-17,1261.0115016569066,1287.643212357158,1260.390138419784,1283.2490234375,1176082,0.018351664202412188,1.65069978615384,0.15681227831695668,0,0,0
HINDUNILVR,2020-05-11,1897.065001130104,1927.6202692136576,1854.214784647484,1865.189208984375,11158755,-0.019837670154174702,0.2509156350676094,0.15660253960487294,1,0,0
HDFCBANK,2019-03-22,540.059864680348,541.7035251380709,533.2034639505413,534.4596557617188,30403880,-0.009939289919888017,1.8722598908966477,0.15659322362319816,0,0,0
HDFCBANK,2018-09-21,463.48883226720335,469.5821056940648,448.5315030219591,462.63177490234375,22610148,0.004537659432351848,1.654698757513059,0.1563979153882888,0,1,0
HINDUNILVR,2022-03-07,1859.299932501668,1859.910485848064,1809.9878605358497,1825.9085693359373,2976453,-0.037410304078056345,0.9279207581505089,0.15610459071701813,1,0,0
HINDUNILVR,2023-09-15,2380.0630656688218,2394.6811526537804,2371.599888531816,2375.158203125,3750697,-0.01243610142076701,1.5459146965343982,0.15599506214202358,0,0,0
BAJFINANCE,2024-03-05,652.9182080522155,656.260704773303,620.2399277375183,625.4069213867188,17175580,-0.04213589230741044,1.6301261822168018,0.15581217117653917,0,0,0
BAJFINANCE,2018-10-10,204.87746338112376,224.94570586834791,204.87746338112376,221.5554656982422,72359570,0.10194828169532322,1.4168814160721284,0.15561790697313022,1,0,0
HINDUNILVR,2020-03-17,1780.9916132702551,1901.6186728315915,1777.712871446911,1825.162353515625,3732382,0.032004734386505085,1.1065135612600987,0.15550537221799107,1,0,0
HDFCBANK,2022-01-27,689.6744315675436,706.3217454329671,682.5398684823622,701.5415649414062,28617838,-0.008803444386637826,1.7705522761086294,0.15527051242576256,0,0,0
HINDUNILVR,2018-05-31,1415.9189646116151,1436.0259233055256,1402.3367518873356,1430.52197265625,3315162,0.01617447402328076,2.4086354406519432,0.15517191785808493,0,0,0
BAJFINANCE,2025-06-09,955.0,978.7999877929688,940.2999877929688,960.75,23496010,0.025182708180254476,1.786540850528731,0.15506449568589215,0,0,0
HINDUNILVR,2018-08-17,1557.277682751939,1599.7627157586298,1548.9148612491958,1596.3192138671875,1420289,0.027253260183926153,1.6397195495614065,0.15459636906590177,0,0,0
HDFCBANK,2020-05-27,407.2381456061135,430.8701586021425,405.93577920464736,427.9576110839844,56025754,0.060124242591014676,1.247392056140753,0.15456686336205316,1,0,0
HINDUNILVR,2020-04-30,2069.19449921697,2069.19449921697,1967.1919534809224,1999.0677490234373,8448047,-0.016466671175028536,2.2910642644832397,0.15381115805604662,1,0,0
HINDUNILVR,2025-01-09,2380.02140830482,2447.907363548585,2361.565348347788,2410.055419921875,2425267,0.014327356819679338,1.8724911381083884,0.15364074495812502,0,0,0
HDFCBANK,2020-03-17,477.37652201378086,478.3236976526971,452.1342970177646,461.7954711914063,42676838,-0.024412267942649057,0.905918665894408,0.15218528964119377,1,0,0
HDFCBANK,2023-12-15,803.0314839042278,811.7918273650013,801.3767404796611,806.2192993164062,138837130,0.0038784581075148594,2.6382301759830153,0.15191871834872397,0,0,0
HDFCBANK,2021-07-20,685.8692650363275,691.5769149534121,683.0867973139923,686.416259765625,24174250,-0.01893272210602992,1.618440573182603,0.1513161724750961,0,0,0
HDFCBANK,2021-02-02,710.8553173311757,747.5583733559366,709.1504127425507,739.0574951171875,42420206,0.056746302807237026,1.2952262126327068,0.1503215771922997,1,0,0
HDFCBANK,2025-03-21,866.0684175252852,875.2196836615442,866.0684175252852,873.3696899414062,33508264,0.0009046361184625873,1.959219919943214,0.14940932372919552,0,0,0
HDFCBANK,2018-06-04,504.8386358036733,506.482296478383,478.5283131096614,480.4654846191406,88796324,-0.03051276149207971,2.8134805924411372,0.1493769656470802,1,0,0
HDFCBANK,2020-11-10,642.6586806298552,660.6550180387974,640.0776500995573,660.0156860351562,41517356,0.03961062059205811,1.3993016662524442,0.1481965326381327,1,0,0
HDFCBANK,2020-06-08,502.0030693611453,505.1524398018868,476.6187747745198,481.1178588867188,49812664,-0.01688674660688294,1.0760803091369104,0.148103050773747,1,0,0
HDFCBANK,2020-04-21,438.0687158227306,442.3310060307355,430.0177232076101,436.4822082519531,33178006,-0.024554175945609935,0.6210141848239255,0.14782887699493696,1,0,0
HDFCBANK,2022-01-05,730.9597335226943,747.7021503050373,726.8216524342752,744.3013305664062,14332638,0.023747888010447582,1.5646701845652224,0.14644085099629187,0,0,0
HDFCBANK,2020-05-28,435.7008120888158,449.908447265625,432.8356114425941,447.6589050292969,75488806,0.0460356199657499,1.4514507222743762,0.1439936601806163,1,0,0
HDFCBANK,2018-02-22,431.6390736067141,433.972257788372,429.6675443657141,432.38568115234375,13253596,-0.00226132468614193,2.4248397515178857,0.14379589358696115,0,0,0
HDFCBANK,2020-04-16,409.6534651387446,421.8246779187658,405.50957170526016,416.6388854980469,53854396,0.019054808924559463,1.0916385802304998,0.14362820476818136,1,0,0
HDFCBANK,2020-04-24,441.8574108639782,453.8865523682434,438.5422963130159,444.2490234375,33284568,-0.017697257280398726,0.7854352490528214,0.14358844584034736,1,0,0
HDFCBANK,2023-06-22,798.1645692917998,806.7059273185989,797.702241628417,799.9166259765625,56596140,0.00489118154264645,1.9995932705352273,0.14329133540863065,0,0,0
HDFCBANK,2020-06-16,461.748117949204,470.7226127919847,450.8555982437357,469.0413818359375,45399970,0.04269107689343543,1.210987336979791,0.14326879209529164,1,0,0
HDFCBANK,2022-04-18,674.8582617385757,680.9464450214841,661.15993644386,663.7283325195312,45620376,-0.04744191725951219,1.3908338621120993,0.1428773294351793,1,0,0
HDFCBANK,2022-01-12,745.7995970381922,749.9138730090968,738.1893970684148,740.401123046875,21085530,-0.0059070796369525835,1.782693162060211,0.14270241193411975,0,0,0
HDFCBANK,2019-03-12,504.1341543597376,510.7087963355516,501.786067939804,509.7695617675781,15097292,0.019990972563407094,1.5085900334939082,0.14123016976968766,0,0,0
HDFCBANK,2019-08-02,523.5513217893141,526.6296425415806,516.6842985727197,524.3446044921875,27825536,-0.0033529920308723593,1.7319585986151071,0.14103756327609396,0,1,0
