Timestamp,Close,Anomaly_Score,Anomaly_Label
0,515.416748046875,0.5745071229516849,0
1,508.3658752441406,0.4792603548243223,0
2,508.2015075683594,0.5971532807151039,0
3,504.5241088867188,0.7284544784612038,0
4,510.9669494628906,0.4648769937914996,0
5,520.33984375,0.4648794564576229,0
6,513.8770751953125,0.7368819223261087,0
7,518.1771850585938,0.6151152093729363,0
8,512.8804931640625,0.42957884210975716,0
9,504.0008850097656,0.5813840065378947,0
10,499.3218994140625,0.43048734607813066,0
11,493.9852600097656,0.4301405369644615,0
12,494.79248046875,0.5362943407349051,0
13,490.5769348144531,0.21300796330133032,0
14,495.6046752929688,0.24126232512304507,0
15,503.4178771972656,0.4156568706138541,0
16,499.7454528808594,0.3480753319498364,0
17,499.7305603027344,0.547137099889291,0
18,491.6183776855469,0.3637963886718184,0
19,489.5603942871094,0.2881544447997063,0
20,485.8979797363281,0.7198473153382331,0
21,479.5896301269531,0.46613355492701963,0
22,502.1173400878906,0.5101292307031886,0
23,491.887451171875,0.2862877720679815,0
24,490.1185302734375,0.4183425913212226,0
25,488.7830505371094,0.5166383884564799,0
26,499.4913024902344,0.3273509633866546,0
27,503.9958801269531,0.5563547027518508,0
28,504.2052307128906,0.40990419651217924,0
29,521.7548828125,0.4562459375310085,0
30,517.1259155273438,0.4097440081655905,0
31,511.28076171875,0.7778417276763406,1
32,504.09564208984375,0.4979754162893099,0
33,498.3652038574219,0.34134336065661497,0
34,499.715576171875,0.6233817368154784,0
35,495.64453125,0.3168734525043467,0
36,493.4919128417969,0.5313295392507134,0
37,500.2486877441406,0.2060494814180337,0
38,517.5194091796875,0.3007720926652354,0
39,510.3840026855469,0.5295291853803685,0
40,503.4428405761719,0.6107699869993115,0
41,498.2306823730469,0.5257052421784956,0
42,502.0226745605469,0.4826527576417639,0
43,496.3620910644531,0.4548344456616067,0
44,481.9614868164063,0.2782217014448859,0
45,484.7967529296875,0.3920233687407937,0
46,494.9269714355469,0.4309041843560319,0
47,502.2817687988281,0.6585683339328373,0
48,508.0968322753906,0.5515427434352692,0
49,509.412353515625,0.2355439766955899,0
50,501.7286987304688,0.5486125954092193,0
51,499.4216003417969,0.44223765793755254,0
52,494.6479797363281,0.3984616999541062,0
53,506.3478393554688,0.5917514433261302,0
54,511.3955383300781,0.6546499283743926,0
55,510.2344665527344,0.6396920178674298,0
56,510.9171752929688,0.37411737151660424,0
57,513.34375,0.45361814362231784,0
58,524.0969848632812,0.5496895147105346,0
59,515.3869018554688,0.6463317690683539,0
60,524.9390258789062,0.4281238643232065,0
61,536.3199462890625,0.4721511535004274,0
62,521.0672607421875,0.33404975389909575,0
63,542.5237426757812,0.3205690063878994,0
64,546.5499267578125,0.6218788733591297,0
65,554.228515625,0.7034360042856235,0
66,539.439208984375,0.48919848176294994,0
67,540.1668090820312,0.6505299346838036,0
68,540.2216186523438,0.5542454037571451,0
69,529.8621215820312,0.40323203680923136,0
70,536.7733764648438,0.554209340826262,0
71,540.7547607421875,0.7307054849698954,0
72,535.3483276367188,0.4946260941335073,0
73,536.6787109375,0.7346965483721009,0
74,526.8275756835938,0.10703823438653837,0
75,527.5900268554688,0.6232853756562836,0
76,540.9092407226562,0.5130570602357257,0
77,541.5719604492188,0.4551488974301199,0
78,532.0994262695312,0.5137641164803254,0
79,541.6666870117188,0.2018646628098661,0
80,546.385498046875,0.4670492168243732,0
81,541.8311767578125,0.5535668857267619,0
82,538.3579711914062,0.7216841067112274,0
83,532.9764404296875,0.4222594672589529,0
84,538.2832641601562,0.37872595956602184,0
85,532.2440795898438,0.42473644346231954,0
86,533.1209716796875,0.6373103176553111,0
87,522.004150390625,0.5493126664489527,0
88,532.7173461914062,0.4205359694349442,0
89,536.8034057617188,0.5769901149670034,0
90,537.9046020507812,0.5145616324022061,0
91,530.101318359375,0.6452967485799334,0
92,555.0208129882812,0.39469203591839713,0
93,571.0209350585938,0.4508506780103348,0
94,570.2486572265625,0.44118377703017636,0
95,595.1382446289062,0.2804727577801822,0
96,577.025390625,0.5444180415596864,0
97,580.64794921875,0.5391582908269834,0
98,605.0940551757812,0.5007670184963692,0
99,598.8804321289062,0.46481192999372795,0
100,586.77197265625,0.2876943886924379,0
101,593.8477172851562,0.43690320158519613,0
102,602.1589965820312,0.4485928225209846,0
103,586.2088623046875,0.3796584096167572,0
104,572.8895874023438,0.47580714325009865,0
105,575.121826171875,0.5606076285221807,0
106,589.4526977539062,0.7829278851815795,1
107,599.3687133789062,0.5261866719247759,0
108,600.4898071289062,0.5386325586084146,0
109,604.8199462890625,0.4888331126350749,0
110,605.7767333984375,0.2121843177051438,0
111,605.4029541015625,0.49602291868261744,0
112,600.739013671875,0.509034531491154,0
113,595.86572265625,0.8694863168727929,1
114,597.5250854492188,0.4711458552828316,0
115,589.2982788085938,0.5452321013500419,0
116,592.7214965820312,0.4947932345442135,0
117,597.1065063476562,0.3246982943570702,0
118,615.5382690429688,0.671423422177253,0
119,614.45703125,0.6127899549030161,0
120,606.3547973632812,0.618654792056457,0
121,595.467041015625,0.36359188178078916,0
122,582.8004760742188,0.7104191466404148,0
123,580.1197509765625,0.28972234058115787,0
124,575.8543090820312,0.5880285640700406,0
125,586.5078735351562,0.8285683438714968,1
126,601.2223510742188,0.35141955123039675,0
127,605.00048828125,0.4150553405595842,0
128,603.9586791992188,0.5149477047631462,0
129,610.5530395507812,0.4244786518825701,0
130,618.03955078125,0.2674004853400801,0
131,609.5112915039062,0.5102844462209041,0
132,624.1702880859375,0.34065444294108427,0
133,630.465576171875,0.5710388645952772,0
134,622.8295288085938,0.3620863648649295,0
135,632.6187133789062,0.7324901607526308,0
136,634.5776977539062,0.38251200614956443,0
137,627.7191772460938,0.4516907725691487,0
138,664.3092651367188,0.6220275826054504,0
139,690.1431274414062,0.31537035253490675,0
140,680.633056640625,0.5341189901906194,0
141,692.77490234375,0.6960714131423642,0
142,701.328125,0.2588775148158159,0
143,690.5518798828125,0.5276950787798457,0
144,687.4266967773438,0.5389824191372635,0
145,695.5462036132812,0.6172734307665966,0
146,696.8272094726562,0.3144573933682877,0
147,688.1744384765625,0.3019315080373586,0
148,692.141845703125,0.5782912348425346,0
149,689.7394409179688,0.544547700984978,0
150,697.2308959960938,0.5375739275518815,0
151,702.9529418945312,0.5519672314245464,0
152,705.2955932617188,0.3979962917632264,0
153,706.1678466796875,0.5348380545741506,0
154,692.37109375,0.5439608709948022,0
155,709.0438842773438,0.39284728729604484,0
156,705.38525390625,0.7798661766717134,1
157,707.5136108398438,0.5710749381367681,0
158,704.1491088867188,0.3213044754196027,0
159,709.4326171875,0.5984830412950745,0
160,706.9902954101562,0.3537977494659018,0
161,702.8583374023438,0.6180626905613678,0
162,700.814697265625,0.6737893368511106,0
163,694.9630126953125,0.3768976522472434,0
164,694.6738891601562,0.6445064193866483,0
165,690.8209838867188,0.5619171390404747,0
166,672.6680908203125,0.6233090239991735,0
167,663.2077026367188,0.784518947398092,1
168,648.7831420898438,0.46319178259956945,0
169,648.2696533203125,0.3869395753463766,0
170,652.6807861328125,0.3665728355561715,0
171,657.9442749023438,0.37762845725518424,0
172,632.7581787109375,0.48843474358788436,0
173,634.2238159179688,0.5511727962224966,0
174,639.2877807617188,0.5415036198995029,0
175,668.864990234375,0.6240774873554036,0
176,652.9450073242188,0.501950283781686,0
177,650.7169799804688,0.7180301115735975,0
178,629.2293701171875,0.46030147501430657,0
179,624.0107421875,0.9080253749884428,1
180,604.8659057617188,0.5938501021647509,0
181,616.6290283203125,0.3714263665375576,0
182,619.3106079101562,0.33936612529083315,0
183,596.1083374023438,0.5723708622864778,0
184,598.7401733398438,0.4664805822011224,0
185,586.343994140625,0.6071000741138138,0
186,573.4494018554688,0.5709856436860317,0
187,561.4471435546875,0.4890756631014691,0
188,535.882568359375,0.37298094228973927,0
189,537.8662109375,0.2727729162971203,0
190,541.2107543945312,0.43302275718994687,0
191,594.2841796875,0.6284598191485209,0
192,557.4497680664062,0.5321140616195306,0
193,579.5354614257812,0.3131391831932018,0
194,561.6614379882812,0.5259771388776773,0
195,563.939453125,0.5577976069593256,0
196,536.341064453125,0.3674213845698301,0
197,540.223876953125,0.5230587658918292,0
198,523.3768310546875,0.5087313077669,0
199,515.1575317382812,0.3285544553254065,0
200,537.4575805664062,0.5536681040522425,0
201,535.0849609375,0.5841176789552351,0
202,538.2301635742188,0.6624576864762916,0
203,539.2918090820312,0.6580703078052355,0
204,537.4276123046875,0.29334959480643635,0
205,538.7734985351562,0.3593262440127316,0
206,536.9641723632812,0.5772552900812989,0
207,550.8006591796875,0.5770678926368313,0
208,555.216796875,0.5772571529459072,0
209,557.3500366210938,1.077909723598208,1
210,561.05859375,0.5856335766039751,0
211,568.3555908203125,0.6703348460270898,0
212,553.1732177734375,0.6431002645239803,0
213,555.4261474609375,0.5977086876958697,0
214,556.0193481445312,0.45270961330394816,0
215,557.958251953125,0.6138453830739901,0
216,567.7823486328125,0.38407621781936424,0
217,570.8027954101562,0.4644772089889987,0
218,567.0745239257812,0.4271954678256345,0
219,583.3634643554688,0.5122811209079484,0
220,570.5137939453125,0.8471987850010263,1
221,571.9940795898438,0.2199102211112378,0
222,586.194580078125,0.602939028556177,0
223,580.02392578125,0.25809261932155225,0
224,599.1937255859375,0.429210220131585,0
225,597.5588989257812,0.6633425895451049,0
226,598.0523681640625,0.5096420028643194,0
227,605.1201171875,0.3383382833106041,0
228,588.402587890625,0.39270444361100476,0
229,564.9761962890625,0.6019396623402014,0
230,583.1590576171875,0.39044500524242953,0
231,567.6129150390625,0.5324687884372963,0
232,580.8912353515625,0.5068357759855721,0
233,597.0255737304688,0.40225994785912744,0
234,614.0121459960938,0.8215916133987988,1
235,615.83154296875,0.5950878533477016,0
236,606.8746337890625,0.19622861200135894,0
237,613.3392333984375,0.5279681472154142,0
238,638.5401000976562,0.4007320302847418,0
239,638.4903564453125,0.6278650002194336,0
240,634.0193481445312,0.38112188923509493,0
241,625.4810791015625,0.48278953377996514,0
242,641.8896484375,0.5757480918470685,0
243,638.5003662109375,0.6298632791255182,0
244,648.254638671875,0.31995553894163353,0
245,645.6677856445312,0.44982481462385776,0
246,650.1536865234375,0.42875820332585657,0
247,636.4019775390625,0.40200061511394325,0
248,636.33203125,0.7648181360421645,1
249,639.0386352539062,0.5607472566441434,0
250,638.7097778320312,0.31086740684974323,0
251,642.2884521484375,0.6376792920582164,0
252,637.9071655273438,0.818323429551895,1
253,635.20068359375,0.654869789082672,0
254,635.1707153320312,0.27209450510689803,0
255,634.8866577148438,0.4273648890700623,0
256,648.9325561523438,0.6900366723779934,0
257,644.4616088867188,0.3938495801571829,0
258,633.9097900390625,0.5665729142219342,0
259,623.0338745117188,0.6161951080144005,0
260,636.4567260742188,0.36096042926328753,0
261,641.540771484375,0.49107119659073,0
262,647.2827758789062,0.013809898989639136,0
263,638.724609375,0.3463418537998565,0
264,630.176513671875,0.46211477729102596,0
265,603.1961669921875,0.3128325227052726,0
266,621.3541259765625,0.7448616955897452,0
267,622.7647094726562,0.2854787933059051,0
268,607.2833862304688,0.43399332699545246,0
269,607.7867431640625,0.5196110865929137,0
270,599.0392456054688,0.7161909933599173,0
271,599.8267211914062,0.2846206773230841,0
272,618.9218139648438,0.6744745628232439,0
273,623.3529052734375,0.5015349591529381,0
274,616.3348388671875,0.35277370234280736,0
275,607.7169799804688,0.5693155211394906,0
276,607.73193359375,0.5298589543360205,0
277,601.6708984375,0.4099674684261808,0
278,600.6590576171875,0.5104703127485029,0
279,586.6730346679688,0.442202960470736,0
280,595.1065063476562,0.5170276017876873,0
281,597.9674682617188,0.599319601178157,0
282,614.9791259765625,0.7379025224218028,0
283,617.6259155273438,0.31432767517597265,0
284,631.3726806640625,0.81995500619844,1
285,643.245361328125,0.20718683007162475,0
286,639.9757080078125,0.4772322357446625,0
287,644.2223510742188,0.5882475809726865,0
288,642.044189453125,0.5421487801602549,0
289,652.3269653320312,0.4065950720269109,0
290,658.846435546875,0.46878166244640873,0
291,657.7847290039062,0.42604985980117505,0
292,659.6240234375,0.4115952864583683,0
293,676.2367553710938,0.6274403145531537,0
294,683.9425659179688,0.5535523228947571,0
295,687.660888671875,0.3960635607109019,0
296,691.0403442382812,0.6349399813149876,0
297,690.6265258789062,0.5460949281314914,0
298,694.2203979492188,0.621929317825844,0
299,695.3816528320312,0.5944443262885418,0
300,693.1736450195312,0.37565074836168916,0
301,693.8265991210938,0.4159728439704546,0
302,689.5599365234375,0.6120940407684893,0
303,696.597900390625,0.5915555398150197,0
304,695.8501586914062,0.4968647609053778,0
305,693.078857421875,0.5175991074963173,0
306,713.6393432617188,0.6916497343682637,0
307,725.6815795898438,0.4112642916746255,0
308,737.8385009765625,0.5820646071755057,0
309,729.5643310546875,0.4696711021349159,0
310,737.4646606445312,0.467347819515917,0
311,732.4254150390625,0.6648165277980785,0
312,735.6104125976562,0.6238124523482045,0
313,740.0067138671875,0.6220264454000958,0
314,753.9078979492188,0.6958218210731494,0
315,751.3260498046875,0.5031505762449139,0
316,748.564697265625,0.6022929456942446,0
317,755.5228881835938,0.45345998651098157,0
318,754.745361328125,0.5486249528732663,0
319,744.9361572265625,0.4804785418448473,0
320,747.1591186523438,0.5145493947489077,0
321,761.4044189453125,0.589273553815537,0
322,764.5494995117188,0.3772668975149791,0
323,769.7083740234375,0.8138580913528191,1
324,749.691162109375,0.3490973927750447,0
325,755.5130004882812,0.3178717080818402,0
326,760.03369140625,0.6737166310250102,0
327,764.39501953125,0.6187494040944403,0
328,753.8281860351562,0.5936179725578232,0
329,732.27587890625,0.594251826389642,0
330,744.3927612304688,0.49816298407296283,0
331,736.0589599609375,0.36541184427712525,0
332,732.4353637695312,0.5113706837290589,0
333,734.2646484375,0.39842574327318325,0
334,743.13671875,0.6462679600126626,0
335,759.3609008789062,0.4779413927746792,0
336,796.7933349609375,0.3761754204811233,0
337,820.922607421875,0.45179212375205097,0
338,815.9780883789062,0.5619397181413437,0
339,819.581787109375,0.4154413170794038,0
340,798.822021484375,0.37666694066503525,0
341,812.61865234375,0.5365530817237868,0
342,818.7344360351562,0.5367449856663085,0
343,810.3108520507812,0.4239585236943305,0
344,810.6299438476562,0.4293442541572516,0
345,820.1151733398438,0.5348074906036454,0
346,816.2322387695312,0.28278734877540135,0
347,832.1970825195312,0.2888804338435167,0
348,828.6831665039062,0.3922333668121346,0
349,809.9769897460938,0.46798292724322293,0
350,817.6677856445312,0.5466361348397006,0
351,827.8457641601562,0.7213034325424328,0
352,824.4763793945312,0.6286489434803029,0
353,821.9793090820312,0.47600922050548594,0
354,826.6395874023438,0.49714756881459665,0
355,820.9375,0.34962059530432865,0
356,809.588134765625,0.4972230296011415,0
357,822.0440673828125,0.45670120416197924,0
358,823.11572265625,0.5484077840507134,0
359,839.1502685546875,0.3759153584671516,0
360,836.6182250976562,0.5779019771361759,0
361,832.85009765625,0.7299108369503866,0
362,832.0027465820312,0.4836859777314714,0
363,838.4176025390625,0.5602567583148412,0
364,841.7472534179688,0.6035215987566669,0
365,849.7969970703125,0.43981692921712456,0
366,849.43798828125,0.5336138722715625,0
367,844.8323974609375,0.5018888601172692,0
368,840.4063720703125,0.5146514147823248,0
369,851.0828857421875,0.38404853242168,0
370,840.8948364257812,0.5036765261388414,0
371,756.928466796875,0.5746997436868174,0
372,783.081298828125,0.7176715411692562,0
373,763.423095703125,0.6438906239127811,0
374,762.4258422851562,0.8229773686267334,1
375,770.4035034179688,0.38489786556679256,0
376,769.2815551757812,0.6308480955081017,0
377,785.959716796875,0.5275013008607528,0
378,783.2523803710938,0.8284704399826508,1
379,782.564208984375,0.3787552571967273,0
380,754.51318359375,0.3740417236728836,0
381,714.2363891601562,0.4100911031833967,0
382,715.0241088867188,0.181415641353529,0
383,704.5487060546875,0.4211367467478858,0
384,676.3280639648438,0.3861301007669453,0
385,721.2716064453125,0.5225590679714311,0
386,710.088134765625,0.551263396366574,0
387,705.820068359375,0.7814256258823828,1
388,707.7945556640625,0.6425635757279076,0
389,706.2140502929688,0.41346445165063955,0
390,704.3890380859375,0.3652377992977463,0
391,696.7356567382812,0.5737878757259759,0
392,707.6448974609375,0.30196501894690364,0
393,713.2391967773438,0.774718814878153,1
394,727.0004272460938,0.676916018108193,0
395,748.2955932617188,0.42962365218429427,0
396,706.9269409179688,0.2430298206363684,0
397,739.4405517578125,0.7030808561248119,0
398,741.853759765625,0.48281902321210735,0
399,735.5962524414062,0.6856724467960192,0
400,721.5857543945312,0.26083585118084496,0
401,712.5810546875,0.4100937465569341,0
402,674.837158203125,0.5007865549577275,0
403,686.5293579101562,0.5070470890647113,0
404,717.0635375976562,0.43249017927811345,0
405,710.6514892578125,0.5934274898521248,0
406,701.621826171875,0.3398569355926109,0
407,696.027587890625,0.478643077246806,0
408,709.9584350585938,0.5180443447567848,0
409,700.65966796875,0.5771658251088123,0
410,700.3405151367188,0.6067422317133335,0
411,698.1416625976562,0.3313036862243196,0
412,715.5776977539062,0.26988287438965664,0
413,730.3411865234375,0.6916515232847764,0
414,733.357666015625,0.5498471017969387,0
415,727.1500854492188,0.38772701951651695,0
416,736.8029174804688,0.7326727963283785,0
417,725.9833984375,0.5173511951439288,0
418,713.0447998046875,0.6768945776095739,0
419,723.470458984375,0.5101277722115164,0
420,716.84912109375,0.8091121887322981,1
421,767.2074584960938,0.7633011263664806,1
422,827.4480590820312,0.462655377728139,0
423,821.759033203125,0.6457356426431533,0
424,823.244873046875,0.5968063924377721,0
425,844.0862426757812,0.7052947336298523,0
426,852.63720703125,0.3552614809129844,0
427,848.9127197265625,0.6029077189997659,0
428,843.4629516601562,0.6587636730274382,0
429,842.2763671875,0.23618907703653286,0
430,827.7471923828125,0.32251122310013375,0
431,819.69482421875,0.19411517333598494,0
432,829.4923095703125,0.45958897483331634,0
433,817.8848876953125,0.6076313383693943,0
434,814.654052734375,0.7253535578144041,0
435,805.9584350585938,0.5111142170629662,0
436,801.3314819335938,0.7442923318356938,0
437,811.1488647460938,0.2929847812677663,0
438,829.3327026367188,0.24449263409672684,0
439,824.2769775390625,0.4916678451655072,0
440,798.6390991210938,0.5576098173408961,0
441,804.8316040039062,0.49509578778588603,0
442,806.8309936523438,0.18988368499401853,0
443,794.9794311523438,0.4866319940730817,0
444,797.9061279296875,0.30432957492427204,0
445,812.80419921875,0.6004508823245057,0
446,805.973388671875,0.5549897369145272,0
447,811.1538696289062,0.3590180320508967,0
448,836.12353515625,0.422919962399496,0
449,868.2184448242188,0.34111797171665725,0
450,882.0944213867188,0.4905981354090242,0
451,874.8247680664062,0.6432713480751857,0
452,880.8129272460938,0.35214109304966845,0
453,879.411865234375,0.5756069773276766,0
454,887.8333129882812,0.4204613572441339,0
455,895.3171997070312,0.38106907516064836,0
456,903.6437377929688,0.4839454460068163,0
457,903.244873046875,0.3447136516370939,0
458,907.8718872070312,0.4169526041979227,0
459,912.7133178710938,0.3203183161116727,0
460,905.37890625,0.7947087699374584,1
461,902.9706420898438,0.5052895327957593,0
462,901.3950805664062,0.39504117380111214,0
463,914.927001953125,0.5320969866101333,0
464,909.5720825195312,0.48315079254637555,0
465,920.257080078125,0.4668545600700166,0
466,921.4188232421876,0.5921250050065138,0
467,908.4702758789062,0.6136261565070957,0
468,892.3206176757812,0.4204248278584209,0
469,906.4259643554688,0.413627263903298,0
470,900.49267578125,0.4587422454272534,0
471,894.0358276367188,0.15471182528966226,0
472,882.827392578125,0.27272134067021714,0
473,890.39599609375,0.7050311401166787,0
474,890.2164916992188,0.7467451570251925,0
475,905.3639526367188,0.46264459406654324,0
476,914.3536987304688,0.5864835444583649,0
477,918.4470825195312,0.5466875231815305,0
478,926.205322265625,0.9618321212682857,1
479,933.5496215820312,0.6679362367151865,0
480,933.6344604492188,0.480812361277885,0
481,924.4751586914062,0.35666893390993615,0
482,925.4024658203124,0.25903305196136417,0
483,927.7958984375,0.5305195453800835,0
484,926.87841796875,0.3865473882073545,0
485,932.3880004882812,0.2866619435603489,0
486,941.6668090820312,0.403014067363621,0
487,941.2728881835938,0.33776779945784074,0
488,936.7008056640624,0.7530712452608848,1
489,935.2149047851562,0.6322459635424176,0
490,947.8943481445312,0.4988041038025074,0
491,931.9641723632812,0.7219916208335039,0
492,901.734130859375,0.5116052461471428,0
493,907.0142211914062,0.37080736980076046,0
494,911.9852905273438,0.7284686115904486,0
495,936.8903198242188,0.5808365065526988,0
496,934.5966796875,0.3444130768510315,0
497,942.8734741210938,0.4714491982874588,0
498,952.805419921875,0.36865726199228643,0
499,956.2258911132812,0.29258004035534957,0
500,959.5166625976562,0.6389266321297462,0
501,968.775634765625,0.7864124960705196,1
502,954.5905151367188,0.2902148639271288,0
503,950.7562255859376,0.5844453855035856,0
504,952.0726318359376,0.40240361463172597,0
505,950.746337890625,0.4269311924352956,0
506,960.6734008789062,0.41114091136416964,0
507,953.0797119140624,0.3704013845480276,0
508,960.4290161132812,0.5072782441917241,0
509,986.6502685546876,0.37535748253834433,0
510,961.2617797851562,0.5405685238669758,0
511,941.4923095703124,0.49246428358262945,0
512,906.0669555664062,0.46415779297003856,0
513,950.8160400390624,0.3638654506937603,0
514,956.4503173828124,0.4134843004147501,0
515,959.2722778320312,0.6133086838738634,0
516,959.63134765625,0.5751375781436571,0
517,960.0003662109376,0.35336671328021735,0
518,970.4309692382812,0.5148998458143839,0
519,974.4446411132812,0.6127080685057683,0
520,968.9949340820312,0.24958920783179422,0
521,966.3323974609376,0.5815040288569903,0
522,950.212890625,0.40060643615812297,0
523,950.277587890625,0.5855898002889739,0
524,973.1282958984376,0.38551112651862246,0
525,968.2471313476562,0.22926768490032218,0
526,944.03515625,0.2558686343175256,0
527,949.828857421875,0.5072127419992073,0
528,936.0675659179688,0.5389583752582223,0
529,938.1617431640624,0.3643525062343387,0
530,902.536865234375,0.5957888688166061,0
531,888.9500732421875,0.25077199065965605,0
532,894.3529052734375,0.49008803020290254,0
533,877.9947509765625,0.3183475700356315,0
534,885.9967041015625,0.40222458382967613,0
535,858.3888549804688,0.5071098006974621,0
536,818.8677978515625,0.3709379952074071,0
537,823.5471801757812,0.4423166683655262,0
538,742.1353759765625,0.6509439213821661,0
539,772.462158203125,0.4134662195715277,0
540,747.87744140625,0.6253538168097712,0
541,700.1748046875,0.3305439718013573,0
542,629.603515625,0.5794706266872924,0
543,577.2512817382812,0.716235293098685,0
544,621.9058837890625,0.12925332498090664,0
545,461.0677185058594,0.3804657116794285,0
546,448.765380859375,0.586560819077081,0
547,481.94573974609375,0.4695431920935511,0
548,513.5695190429688,0.5556718810056963,0
549,487.9622192382813,0.40940222199262694,0
550,465.0687255859375,0.512988468120935,0
551,458.0894165039063,0.47664841469118807,0
552,449.1794738769531,0.6751673092489711,0
553,450.0625,0.5381631264951819,0
554,471.4293823242188,0.5506403993112803,0
555,459.8155517578125,0.4382184550816299,0
556,480.9429626464844,0.42685906638912596,0
557,448.1318359375,0.43511627182705687,0
558,458.877685546875,0.5591678213567445,0
559,468.9050598144531,0.43685232787696054,0
560,498.84771728515625,0.5434662285344619,0
561,487.1290588378906,0.8113101197968158,1
562,458.4735412597656,0.6306687055147538,0
563,476.50299072265625,0.45109647017482385,0
564,471.8983459472656,0.6801820883245917,0
565,437.99462890625,0.4387886940467673,0
566,460.7135009765625,0.1942813197233219,0
567,485.0886840820313,0.34878705336238935,0
568,498.7429504394531,0.21938121184612164,0
569,509.2891845703125,0.4472729773938037,0
570,475.16595458984375,0.5027627568784327,0
571,461.8808898925781,0.7514655968412924,1
572,468.236572265625,0.5490391060646244,0
573,466.29095458984375,0.46713492067867035,0
574,459.0672302246094,0.6244108371775233,0
575,454.7768249511719,0.16832970364881722,0
576,465.7721557617188,0.5353421837162848,0
577,480.558837890625,0.6156297790830451,0
578,477.94970703125,0.27821206313302377,0
579,471.2647705078125,0.6715631064810393,0
580,445.5426635742188,0.5507744611241621,0
581,452.5269470214844,0.4377068129148798,0
582,469.1495056152344,0.5949172799159427,0
583,452.9010620117188,0.8406039286706594,1
584,430.5862731933594,0.5272799382587743,0
585,408.8053283691406,0.5372330879450504,0
586,424.8491516113281,0.43109586506896336,0
587,427.6329040527344,0.37252334458028125,0
588,439.501220703125,0.6245503724816368,0
589,475.2508239746094,0.3715874261136699,0
590,517.30615234375,0.5107349355829088,0
591,527.4183959960938,0.4283513829852325,0
592,512.5269775390625,0.5718469738619588,0
593,522.464599609375,0.5500493157930423,0
594,542.8736572265625,0.6556309916386849,0
595,529.887939453125,0.423497540171788,0
596,521.1275634765625,0.4595187597059943,0
597,514.64208984375,0.3531854426326539,0
598,527.4083862304688,0.4333560109885833,0
599,509.21435546875,0.5565950739567278,0
600,511.6788940429688,0.6135482924968028,0
601,502.5643310546875,0.3616752013733562,0
602,541.53662109375,0.630440888015849,0
603,588.6555786132812,0.7033456788207426,0
604,616.9669799804688,0.5620152354835551,0
605,630.54638671875,0.7815193718837099,1
606,603.2477416992188,0.383931620134464,0
607,600.763427734375,0.31330179450328743,0
608,593.2952270507812,0.2331919626643582,0
609,587.6978759765625,0.7244066467233774,0
610,583.2030639648438,0.5981548484531086,0
611,615.5501098632812,0.49166229936343175,0
612,617.4907836914062,0.5419952939479731,0
613,613.5596313476562,0.3311766429052435,0
614,627.0891723632812,0.866862796942524,1
615,657.4808349609375,0.5193831772962841,0
616,639.1021118164062,0.5164092191907339,0
617,655.4454345703125,0.6088649935848038,0
618,646.924560546875,0.572151384760507,0
619,644.694580078125,0.5335826036418697,0
620,622.9435424804688,0.3814288316832032,0
621,615.4603271484375,0.5707202535703993,0
622,625.0836791992188,0.782303674471255,1
623,634.7319946289062,0.7018130069232467,0
624,660.5289306640625,0.7389779939959096,0
625,637.001953125,0.4233176485353222,0
626,633.3151245117188,0.35155927696121286,0
627,636.7025756835938,0.48113196198505276,0
628,625.62255859375,0.5083587368433042,0
629,615.934326171875,0.6641287277706422,0
630,632.856201171875,0.2461303055427771,0
631,631.4393310546875,0.7294325479190921,0
632,616.3734130859375,0.4762988152131516,0
633,619.197021484375,0.435967839507887,0
634,608.9450073242188,0.34818434371097484,0
635,614.8168334960938,0.25177149922013464,0
636,622.8038330078125,0.6234755875942872,0
637,628.1567993164062,0.5109976950782605,0
638,645.2633666992188,0.3065058650388419,0
639,638.8428344726562,0.3057381841904576,0
640,642.58935546875,0.4496322951064808,0
641,634.2930297851562,0.7503532287934089,1
642,633.5745849609375,0.4610612972954593,0
643,623.2677612304688,0.27452855703228407,0
644,625.5028076171875,0.46313854038710833,0
645,632.8811645507812,0.45909146453784944,0
646,628.4911499023438,0.09546700355876425,0
647,627.5331420898438,0.49185577002232816,0
648,626.8297729492188,0.4653598204686983,0
649,638.6082153320312,0.6044309547220128,0
650,648.8003540039062,0.7773434142418018,1
651,654.9664306640625,0.6689847544321637,0
652,651.6090698242188,0.45966669641677543,0
653,653.085693359375,0.3340211136887494,0
654,617.6454467773438,0.886003970487479,1
655,634.532470703125,0.5088827651021732,0
656,635.076171875,0.502089393786942,0
657,634.1283569335938,0.4963812369334995,0
658,626.3109130859375,0.5297127141151783,0
659,624.958984375,0.47834593821140864,0
660,622.0255126953125,0.41395069896796455,0
661,601.3272094726562,0.4179711588139412,0
662,611.5491333007812,0.49508700946760026,0
663,611.4644165039062,0.4184862843299353,0
664,609.843017578125,0.39307313259842536,0
665,610.1821899414062,0.5159645341537845,0
666,613.21533203125,0.4617534173868717,0
667,599.3516235351562,0.7255989482874032,0
668,587.523193359375,0.10235452874104822,0
669,569.9427490234375,0.6637260277883692,0
670,566.9544677734375,0.6869127788746443,0
671,563.3974609375,0.18899146513877757,0
672,541.35205078125,0.4485968608879477,0
673,579.02734375,0.4442838701006313,0
674,597.2512817382812,0.2888732457923268,0
675,586.3507690429688,0.3833274968613687,0
676,583.9212646484375,0.3334136231801257,0
677,604.0011596679688,0.7628405665135434,1
678,586.7947998046875,0.6403517589721192,0
679,598.1942138671875,0.6907332642491238,0
680,589.1995239257812,0.6082508096064853,0
681,585.8768920898438,0.33064223431741563,0
682,590.1921997070312,0.42132196005803396,0
683,589.9478149414062,0.5734061841841878,0
684,585.4478759765625,0.31668082866620817,0
685,608.6357421875,0.6069497645258582,0
686,588.5808715820312,0.46395119027627973,0
687,593.893798828125,0.4437768788675604,0
688,596.7673950195312,0.6066439952305237,0
689,593.8489990234375,0.5666394967229059,0
690,589.0897216796875,0.445855075127138,0
691,586.0216064453125,0.6738994705046372,0
692,581.8460083007812,0.3378405008600154,0
693,568.8153076171875,0.5923903410416396,0
694,565.4528198242188,0.5889651886952576,0
695,562.9683837890625,0.4535680341029015,0
696,561.132568359375,0.5489199533363177,0
697,556.098876953125,0.3123329635422045,0
698,568.8651733398438,0.6386040528810352,0
699,573.0707397460938,0.47226467953355167,0
700,579.88037109375,0.42159154692214407,0
701,604.15576171875,0.6573513838755334,0
702,627.2339477539062,0.39434844641858613,0
703,626.924560546875,0.28873080554546604,0
704,667.263916015625,0.2665056239714144,0
705,692.921142578125,0.5909014927018459,0
706,701.0428466796875,0.3079355971255575,0
707,724.4800415039062,0.7632191272976547,1
708,731.908447265625,0.18771058881744168,0
709,734.8817138671875,0.7544684552435057,1
710,777.246337890625,0.5316526200803927,0
711,780.5839233398438,0.48549303321944115,0
712,852.3424072265625,0.41826213697865755,0
713,875.4655151367188,0.5598704171528106,0
714,883.9812622070312,0.49435479463627274,0
715,869.818115234375,0.6654952823024782,0
716,878.6931762695312,0.517134147299306,0
717,873.9139404296875,0.5225452642192816,0
718,872.6917114257812,0.4454581681679216,0
719,878.244140625,0.4914581564418399,0
720,909.3591918945312,0.5461702653338089,0
721,903.2130737304688,0.2434747411015062,0
722,903.1630859375,0.29777218668414307,0
723,894.9266967773438,0.6114896141034072,0
724,899.0423583984375,0.5256298157191913,0
725,900.8583374023438,0.4724024995470981,0
726,897.48583984375,0.502765089959809,0
727,891.3447265625,0.5521372558042507,0
728,927.608154296875,0.4190360479535958,0
729,923.69189453125,0.3832542911896531,0
730,927.32373046875,0.5293767882646523,0
731,919.4913940429688,0.3532440833577452,0
732,882.6891479492188,0.5612379133571708,0
733,891.8785400390625,0.24461245936432396,0
734,899.3017578125,0.6543733455988465,0
735,897.2364501953125,0.5708896223619564,0
736,897.48583984375,0.5384044601470813,0
737,895.5902099609375,0.6474036475918271,0
738,894.1583251953125,0.7498211666693865,0
739,888.6358642578125,0.6521555097527195,0
740,885.0538940429688,0.22386886530025324,0
741,887.87744140625,0.30806345498964477,0
742,880.10498046875,0.40627721334564815,0
743,876.6627197265625,0.5039136575316251,0
744,896.7824096679688,0.5776488530703685,0
745,915.1011962890624,0.3911384280269802,0
746,896.5928955078125,0.5280150146715618,0
747,893.8889770507812,0.3866925601470016,0
748,877.3910522460938,0.40827232955120774,0
749,872.7715454101562,0.28900083547276667,0
750,861.6714477539062,0.36151501308336437,0
751,833.5846557617188,0.29724730915754993,0
752,890.4116821289062,0.3536190120534001,0
753,891.8186645507812,0.658046269491176,0
754,903.2478637695312,0.35759016667520854,0
755,905.0638427734376,0.8948573097256086,1
756,917.8251342773438,0.5739976851321333,0
757,910.5614013671876,0.527725418554231,0
758,893.519775390625,0.37124633297281795,0
759,870.3170166015625,0.6050464819113487,0
760,969.9977416992188,0.41365432606433394,0
761,945.5028686523438,0.5183014721968042,0
762,951.46435546875,0.8840126807403192,1
763,967.8775024414062,0.48559101504130253,0
764,970.03759765625,0.6723909989428514,0
765,999.8555297851562,0.3945235362311169,0
766,991.9334106445312,0.49475172642545573,0
767,1020.4991455078124,0.7656200953453265,1
768,1019.3716430664062,0.4059549413318349,0
769,1025.57275390625,0.7718672836995393,1
770,1051.4046630859375,0.6061627903183213,0
771,1043.7120361328125,0.41562998361585984,0
772,1016.2786254882812,0.5948611608583282,0
773,1017.6056518554688,0.6458831674440095,0
774,1022.7440795898438,0.5932714943325794,0
775,997.815185546875,0.26446629201643157,0
776,998.6183471679688,0.3909294236262697,0
777,1017.6705322265624,0.4628722046672743,0
778,1024.140869140625,0.48883498563499306,0
779,962.6941528320312,0.5931008146326017,0
780,975.2110595703124,0.5266551501399881,0
781,985.48291015625,0.2996983461934848,0
782,1037.2265625,0.5570296776508945,0
783,1010.7211303710938,0.5915878617925735,0
784,993.5746459960938,0.583968567189656,0
785,981.7014770507812,0.6621171088331933,0
786,994.6771850585938,0.6250883231823356,0
787,996.9022216796876,0.5688770118842655,0
788,991.1800537109376,0.48947514328120295,0
789,966.7300415039062,0.2508558599726013,0
790,959.172119140625,0.5644427328698879,0
791,950.3718872070312,0.5311531530744666,0
792,940.8982543945312,0.540736825579306,0
793,941.9458618164062,0.3084877136269536,0
794,938.4736328125,0.3378415189387607,0
795,938.4088134765624,0.6579729279999356,0
796,918.1394653320312,0.4940667269215017,0
797,903.721923828125,0.6022251046058936,0
798,944.619873046875,0.5042477564195692,0
799,948.1019897460938,0.5044634209243618,0
800,964.6896362304688,0.6407425708963996,0
801,976.7525634765624,0.42259329076739394,0
802,946.0365600585938,0.5144181165411476,0
803,949.8131713867188,0.43065870669424366,0
804,951.818603515625,0.43482556588515264,0
805,963.3128051757812,0.45362418147970407,0
806,960.7435302734376,0.533320065745057,0
807,914.2581787109376,0.4281877067504784,0
808,978.4686889648438,0.6883634188360281,0
809,971.78369140625,0.3658089046670744,0
810,980.26953125,0.47196925337579615,0
811,944.8642578125,0.43404034125887375,0
812,979.73583984375,0.7170466826530599,0
813,983.173095703125,0.5294832164767362,0
814,989.4390258789062,0.6547766809202953,0
815,997.929931640625,0.2771659440444542,0
816,1006.8698120117188,0.5400575398803888,0
817,1046.5755615234375,0.6334446193435156,0
818,1115.146240234375,0.5123425983913136,0
819,1101.6864013671875,0.6598220562598027,0
820,1101.69140625,0.4224067324849442,0
821,1096.1788330078125,0.711402116027837,0
822,1108.9501953125,0.8448347185428875,1
823,1100.319580078125,0.44557421593405117,0
824,1129.30419921875,0.43317462178988425,0
825,1130.6561279296875,0.7180076715676551,0
826,1116.79248046875,0.7369358218596068,0
827,1106.3060302734375,0.42157099592700975,0
828,1094.687255859375,0.43697197743562144,0
829,1122.409912109375,0.4577323086709239,0
830,1137.121826171875,0.29833242334485843,0
831,1118.99755859375,0.36220220802737024,0
832,1120.2696533203125,0.34937888498718983,0
833,1123.986328125,0.38483036523438074,0
834,1114.17333984375,0.49479726689198283,0
835,1135.0313720703125,0.5351322098804782,0
836,1187.96728515625,0.7325750739221115,0
837,1186.211181640625,0.3502468938891814,0
838,1168.690673828125,0.6476483597714875,0
839,1177.979736328125,0.46790167336617366,0
840,1180.3345947265625,0.49258044355213504,0
841,1179.705810546875,0.6012229238249905,0
842,1179.331787109375,0.33159169676565525,0
843,1212.8363037109375,0.5573614619276076,0
844,1180.19970703125,0.5249678312319584,0
845,1170.6763916015625,0.5738676896012224,0
846,1153.290283203125,0.5433752965861727,0
847,1196.6180419921875,0.8682950209866341,1
848,1188.0772705078125,0.4043390023623026,0
849,1189.93798828125,0.4203504567497274,0
850,1177.2215576171875,0.40652892103628535,0
851,1182.95361328125,0.4166784321259618,0
852,1179.2020263671875,0.40439193090402237,0
853,1197.241455078125,0.6783524796661328,0
854,1212.9111328125,0.7130756371984782,0
855,1210.44189453125,0.41438805593757855,0
856,1225.4678955078125,0.3751466640343657,0
857,1230.556396484375,0.5707123334579606,0
858,1245.857177734375,0.4171665433578543,0
859,1235.0115966796875,0.5949397726633266,0
860,1227.2291259765625,0.530438453127695,0
861,1208.18701171875,0.2726383827504152,0
862,1178.9925537109375,0.7321257801995092,0
863,1172.4075927734375,0.7693816509643283,1
864,1189.6337890625,0.40808169642734204,0
865,1206.365966796875,0.4418447660096024,0
866,1234.637451171875,0.5428798086087357,0
867,1230.9197998046875,0.5501685184980537,0
868,1282.900390625,0.5987816409009246,0
869,1288.3046875,0.8015306808149525,1
870,1288.3544921875,0.4734579158758926,0
871,1296.51806640625,0.38025541331923196,0
872,1293.299560546875,0.2931021157978209,0
873,1272.0172119140625,0.39036049400871214,0
874,1269.5623779296875,0.49503095406893044,0
875,1257.19189453125,0.7691836795276681,1
876,1303.8433837890625,0.4223583051445743,0
877,1317.47607421875,0.5335681927458348,0
878,1349.7962646484375,0.4975365655890872,0
879,1378.0196533203125,0.6782589910172125,0
880,1394.257080078125,0.8790398638810433,1
881,1456.981201171875,0.4203696840619519,0
882,1419.3714599609375,0.4265840836222667,0
883,1409.6859130859375,0.6566241315603608,0
884,1426.636962890625,0.6022837234439467,0
885,1415.8785400390625,0.7770060988604051,1
886,1396.6871337890625,0.5875892277988946,0
887,1397.760009765625,0.44610618638194105,0
888,1421.4375,0.5885982246038464,0
889,1400.8388671875,0.6663055370874361,0
890,1417.77490234375,0.6230723271796046,0
891,1431.19775390625,0.5760911046660947,0
892,1428.8824462890625,0.6600012034383731,0
893,1452.01611328125,0.6753943385668509,0
894,1470.7734375,0.707323848655629,0
895,1497.629638671875,0.5973064831384464,0
896,1494.8551025390625,0.47493228795247183,0
897,1524.13134765625,0.5220070529649984,0
898,1642.873046875,0.6809763449762535,0
899,1587.2547607421875,0.37745964935191456,0
900,1592.683837890625,0.5553009963309352,0
901,1616.31640625,0.4409991781508959,0
902,1652.7232666015625,0.5043117234402226,0
903,1711.4405517578125,0.6917677793910948,0
904,1675.26806640625,0.5286648602029855,0
905,1666.979736328125,0.5069654822234223,0
906,1670.0836181640625,0.2960215788530121,0
907,1671.3458251953125,0.611938034904083,0
908,1674.759033203125,0.5968226271711613,0
909,1652.7581787109375,0.8244882084958189,1
910,1671.6953125,0.4538332647570499,0
911,1690.4276123046875,0.5328725491495908,0
912,1679.754150390625,0.5374075525566133,0
913,1679.51953125,0.7366179919645212,0
914,1669.94873046875,0.4857056701419572,0
915,1680.6473388671875,0.5418532288655509,0
916,1698.486572265625,0.5911844764574808,0
917,1755.20263671875,0.5279913684734537,0
918,1757.947021484375,0.43303495781742074,0
919,1846.67919921875,0.5291134989347461,0
920,1848.8895263671875,0.6610447624789658,0
921,1799.4986572265625,0.346022705088341,0
922,1751.5201416015625,0.5199454511220314,0
923,1739.8834228515625,0.394981877759124,0
924,1775.11279296875,0.6792569943387263,0
925,1714.3397216796875,0.2715219642824338,0
926,1777.0538330078125,0.41616172290926173,0
927,1781.175537109375,0.5565817812596782,0
928,1758.1318359375,0.7348286043851511,0
929,1743.526123046875,0.49013746083905185,0
930,1751.4300537109375,0.41672007099602026,0
931,1767.8472900390625,0.7821735604160884,1
932,1818.615478515625,0.2827979149375634,0
933,1815.182373046875,0.1701791065069877,0
934,1845.1871337890625,0.5660021675079998,0
935,1864.05419921875,0.4246918663471083,0
936,1903.83447265625,0.346815077430393,0
937,1856.59423828125,0.606253467094903,0
938,1854.239013671875,0.5365701070656799,0
939,1862.0780029296875,0.41538820538949073,0
940,1805.092529296875,0.30795434019936585,0
941,1831.6590576171875,0.6308685992420217,0
942,1797.5926513671875,0.5975301766937992,0
943,1795.16748046875,0.48512362043309254,0
944,1778.5457763671875,0.7769955494071499,1
945,1753.052001953125,0.3394872850510771,0
946,1750.74658203125,0.27117122436128915,0
947,1747.4381103515625,0.39621378951781333,0
948,1755.8763427734375,0.49316209754667534,0
949,1828.305908203125,0.5365009173984038,0
950,1813.6104736328125,0.4638145913215505,0
951,1828.944580078125,0.5528083094771445,0
952,1783.5556640625,0.31226908637143336,0
953,1823.72021484375,0.7165646906109889,0
954,1809.4189453125,0.4876773232411147,0
955,1817.3280029296875,0.6675943747382191,0
956,1821.8839111328125,0.5514088019566556,0
957,1788.5357666015625,0.5685129828730676,0
958,1703.9554443359375,0.5854650920348305,0
959,1733.3316650390625,0.5671562840025972,0
960,1737.3834228515625,0.5964084139801316,0
961,1733.4063720703125,0.6993728795198647,0
962,1664.913818359375,0.5294781754552205,0
963,1685.6573486328125,0.6063505636382769,0
964,1720.28271484375,0.486539645856916,0
965,1734.813720703125,0.7160175823174209,0
966,1772.25830078125,0.39854115469110957,0
967,1745.3671875,0.7701410649366223,1
968,1685.9615478515625,0.49397630740334847,0
969,1707.473388671875,0.2853837346822928,0
970,1758.6358642578125,0.5192156622366184,0
971,1756.1358642578125,0.3978422513787679,0
972,1767.56298828125,0.6260965323483086,0
973,1728.9302978515625,0.40210640310464135,0
974,1708.9205322265625,0.43307248501778306,0
975,1662.7332763671875,0.21656889035817034,0
976,1666.98974609375,0.43215405211263846,0
977,1617.1746826171875,0.1364181010056565,0
978,1579.450439453125,0.2624145764771415,0
979,1580.024169921875,0.6140621984216446,0
980,1591.396240234375,0.6178700237976248,0
981,1613.75146484375,0.5638186342677447,0
982,1588.8665771484375,0.35495357853061804,0
983,1598.1031494140625,0.492843296578703,0
984,1606.8603515625,0.49945961913641473,0
985,1621.6507568359375,0.32624529662111856,0
986,1613.5169677734375,0.7255097452650726,0
987,1637.334228515625,0.6316043435863508,0
988,1694.72900390625,0.46685537392555043,0
989,1710.11328125,0.5040328758491797,0
990,1795.2373046875,0.5312574211921328,0
991,1795.0478515625,0.19373976973635643,0
992,1772.1336669921875,0.46292339262191046,0
993,1776.3153076171875,0.3977023628003302,0
994,1776.3851318359375,0.3497569985157627,0
995,1789.93798828125,0.4578349560671068,0
996,1818.8499755859373,0.7696529790274284,1
997,1817.322998046875,0.5961264291900514,0
998,1833.380859375,0.4143231515325805,0
999,1811.71923828125,0.5858874172034237,0
1000,1804.109619140625,0.7099033154879003,0
1001,1722.4384765625,0.6386950524369153,0
1002,1630.2484130859375,0.5089445554880261,0
1003,1567.5692138671875,0.4029594833441639,0
1004,1549.784912109375,0.6047334970420385,0
1005,1532.90869140625,0.5590228078132624,0
1006,1516.8310546875,0.6342789830041599,0
1007,1565.8126220703125,0.5952757702522954,0
1008,1587.1998291015625,0.6574329072979003,0
1009,1667.2540283203125,0.4197147182659148,0
1010,1631.535888671875,0.6976091098451489,0
1011,1617.329345703125,0.5296399407038599,0
1012,1567.9884033203125,0.8112891308937897,1
1013,1595.7127685546875,0.3966218272865648,0
1014,1622.5238037109375,0.7603945704747874,1
1015,1636.07666015625,0.5296866175193972,0
1016,1608.0830078125,0.40228729945783276,0
1017,1564.27587890625,0.4274171248918518,0
1018,1634.2454833984375,0.451947903770852,0
1019,1623.9859619140625,0.5636248919602874,0
1020,1614.8792724609375,0.5784253232053249,0
1021,1606.43115234375,0.41394499940921314,0
1022,1598.01806640625,0.49634681116085255,0
1023,1615.70263671875,0.8213405537917795,1
1024,1610.1287841796875,0.7591314755151066,1
1025,1521.466796875,0.5654485504511049,0
1026,1574.0562744140625,0.5057005217252301,0
1027,1598.048095703125,0.5180046990077392,0
1028,1602.0850830078125,0.5920276959095625,0
1029,1567.264892578125,0.34658111522023916,0
1030,1530.2490234375,0.46139351938649825,0
1031,1434.441162109375,0.24971238891836162,0
1032,1442.1756591796875,0.5598834683907918,0
1033,1498.5126953125,0.5970793909554112,0
1034,1543.647216796875,0.4275220306550939,0
1035,1553.781982421875,0.736098014493505,0
1036,1564.7098388671875,0.3161351505496488,0
1037,1567.7437744140625,0.280343767968527,0
1038,1609.255615234375,0.5336677727839958,0
1039,1633.80126953125,0.6570647453918231,0
1040,1614.83935546875,0.7525891537186803,1
1041,1646.156494140625,0.431167360569659,0
1042,1637.4488525390625,0.6618021250146944,0
1043,1634.5897216796875,0.4942237295748939,0
1044,1630.0587158203125,0.47410590500887706,0
1045,1648.586669921875,0.6325489906230009,0
1046,1646.8651123046875,0.597848431762013,0
1047,1709.45947265625,0.26354117645236264,0
1048,1702.628173828125,0.7214810524588844,0
1049,1710.4874267578125,0.7070137031221178,0
1050,1716.1910400390625,0.4061655947735706,0
1051,1678.5164794921875,0.5593705300156113,0
1052,1668.6513671875,0.5741045279424108,0
1053,1652.07470703125,0.5391010648735861,0
1054,1671.545654296875,0.417454226923187,0
1055,1654.46484375,0.39925649480929226,0
1056,1628.536865234375,0.4961668893512832,0
1057,1605.7825927734375,0.6759093528889046,0
1058,1579.5550537109375,0.5815400231891649,0
1059,1568.906494140625,0.4444078501870841,0
1060,1547.82373046875,0.6157548065972517,0
1061,1580.4033203125,0.0727186069054887,0
1062,1542.3248291015625,0.6723148550558156,0
1063,1523.457763671875,0.23904293318328507,0
1064,1540.3438720703125,0.44563385878953016,0
1065,1479.6707763671875,0.33204951580607844,0
1066,1498.1785888671875,0.30579777864186414,0
1067,1488.128662109375,0.6741240181067779,0
1068,1492.749267578125,0.4298448198032163,0
1069,1429.37646484375,0.5519755822596074,0
1070,1411.0931396484375,0.4929619131681224,0
1071,1361.3179931640625,0.5715561240834682,0
1072,1375.624267578125,0.5115232836590383,0
1073,1360.2802734375,0.30755116637171453,0
1074,1330.310302734375,0.649440022917071,0
1075,1282.4962158203125,0.4259365125258031,0
1076,1258.304931640625,0.26651271520103736,0
1077,1262.9903564453125,0.43578272585511313,0
1078,1294.612060546875,0.7251139685951467,0
1079,1273.658935546875,0.6275332613170239,0
1080,1238.898681640625,0.4477021798388211,0
1081,1253.654296875,0.4476113443522357,0
1082,1254.77197265625,0.4517547423173926,0
1083,1233.255126953125,0.8115121975341262,1
1084,1238.120361328125,0.557290317834733,0
1085,1245.2760009765625,0.5645062470786605,0
1086,1273.2847900390625,0.6545425181047764,0
1087,1289.816650390625,0.535818373853977,0
1088,1290.8096923828125,0.46114367812689455,0
1089,1257.13720703125,0.47054752263725325,0
1090,1291.0091552734375,0.4892598110878904,0
1091,1266.6181640625,0.4944166645235238,0
1092,1249.1331787109375,0.609144431545547,0
1093,1231.3988037109375,0.5077918828710949,0
1094,1244.0035400390625,0.6098960115823369,0
1095,1244.602294921875,0.48789251298371267,0
1096,1222.89599609375,0.5117952785474136,0
1097,1136.3245849609375,0.20026989732018385,0
1098,1131.379638671875,0.6374491512053722,0
1099,1178.604736328125,0.5519732713846989,0
1100,1144.8924560546875,0.6497015164789478,0
1101,1173.130859375,0.06556169327094663,0
1102,1168.6197509765625,0.8132562057171091,1
1103,1172.63671875,0.47906155577672394,0
1104,1141.2647705078125,0.6662274225106275,0
1105,1152.97119140625,0.3440141109311704,0
1106,1155.9752197265625,0.5919160857593855,0
1107,1157.1927490234375,0.34198766552395155,0
1108,1134.1688232421875,0.4064346558956292,0
1109,1108.75,0.7871047030800179,1
1110,1091.3785400390625,0.471397639885498,0
1111,1130.3944091796875,0.5326149309769584,0
1112,1136.95849609375,0.6305101596033131,0
1113,1150.5760498046875,0.5743522831958907,0
1114,1200.8734130859375,0.5225628357715365,0
1115,1194.768310546875,0.5547441503699339,0
1116,1198.337646484375,0.8605123377857413,1
1117,1191.8531494140625,0.4913571804449622,0
1118,1184.525146484375,0.5301648570072451,0
1119,1175.0858154296875,0.6575981594011417,0
1120,1170.697998046875,0.6658288899436976,0
1121,1182.079345703125,0.678054545834057,0
1122,1222.9869384765625,0.5958095333043777,0
1123,1242.4349365234375,0.3285492630904275,0
1124,1240.033935546875,0.7450147298451644,0
1125,1269.555419921875,0.32804819104719685,0
1126,1273.3292236328125,0.545395319785855,0
1127,1259.8812255859375,0.38685862249709635,0
1128,1329.1124267578125,0.4903792480110511,0
1129,1328.5181884765625,0.549314361545522,0
1130,1461.798828125,0.548203582317541,0
1131,1502.2872314453125,0.5632881131352927,0
1132,1504.8331298828125,0.7420566903587971,0
1133,1519.913330078125,0.5680301452270969,0
1134,1521.8848876953125,0.4633765047064027,0
1135,1516.03466796875,0.6446130752432536,0
1136,1506.10595703125,0.6784205733386961,0
1137,1550.5128173828125,0.3158588277294512,0
1138,1561.749267578125,0.5896100104774787,0
1139,1571.10888671875,0.6051759113466347,0
1140,1573.9542236328125,0.45536547449600123,0
1141,1588.95947265625,0.7063560219967429,0
1142,1681.2628173828125,0.477491661945121,0
1143,1677.828125,0.5188364680207314,0
1144,1626.08349609375,0.4740392263574196,0
1145,1584.5618896484375,0.5023368571372201,0
1146,1627.7108154296875,0.3355587369657197,0
1147,1630.7008056640625,0.2839923676108559,0
1148,1621.960205078125,0.7391757594837458,0
1149,1625.923828125,0.37295579775225085,0
1150,1605.99658203125,0.35129114758155394,0
1151,1693.4276123046875,0.17699148295944278,0
1152,1737.7796630859375,0.40415573784657466,0
1153,1730.077392578125,0.30153653098887523,0
1154,1734.7545166015625,0.7463022740204553,0
1155,1694.1064453125,0.6514725634013951,0
1156,1702.7574462890625,0.39677744822334143,0
1157,1735.428466796875,0.8378653708016464,1
1158,1717.737548828125,0.6472648230487391,0
1159,1710.98876953125,0.4512752924737066,0
1160,1781.817138671875,0.12508914276896405,0
1161,1802.38330078125,0.8436413858886113,1
1162,1769.2877197265625,0.2915641299854606,0
1163,1732.049072265625,0.25319018795646625,0
1164,1763.0479736328125,0.653385564801446,0
1165,1796.6427001953125,0.8659628609508909,1
1166,1799.0386962890625,0.7076409227765778,0
1167,1769.4373779296875,0.5845863680078539,0
1168,1719.0704345703125,0.5892131512497929,0
1169,1674.0445556640625,0.6280123338170461,0
1170,1676.7900390625,0.6138392884680147,0
1171,1649.48486328125,0.5421787135954064,0
1172,1633.211669921875,0.5156301655927814,0
1173,1675.5919189453125,0.4906110308150716,0
1174,1643.8941650390625,0.38690531166999853,0
1175,1698.3544921875,0.4578987384699839,0
1176,1707.7391357421875,0.24605647787069218,0
1177,1696.2080078125,0.4852490559807875,0
1178,1681.632080078125,0.3517113339273624,0
1179,1669.9013671875,0.33446160241763434,0
1180,1691.865234375,0.5269841226730217,0
1181,1678.986328125,0.7088003429516899,0
1182,1685.525634765625,0.6377474909003469,0
1183,1716.4248046875,0.26442490945652347,0
1184,1723.4132080078125,0.3515557795144494,0
1185,1696.008544921875,0.6411156781982323,0
1186,1722.8641357421875,0.3526268909692536,0
1187,1681.6820068359375,0.46630502750044633,0
1188,1699.0035400390625,0.5825078148536827,0
1189,1655.824462890625,0.35474833177045473,0
1190,1628.2698974609375,0.515806325921894,0
1191,1650.68310546875,0.29989617576226935,0
1192,1684.72705078125,0.40979485340731797,0
1193,1706.24169921875,0.5479672901213806,0
1194,1707.58935546875,0.26105093997024964,0
1195,1720.667724609375,0.5660712106940599,0
1196,1797.7408447265625,0.4970543301609978,0
1197,1775.1282958984375,0.5828734931625722,0
1198,1749.8197021484375,0.5335871201096992,0
1199,1697.5557861328125,0.7046210644960766,0
1200,1716.4248046875,0.5187836753971861,0
1201,1715.5262451171875,0.43558916883121207,0
1202,1705.6923828125,0.5183446254548426,0
1203,1682.8800048828125,0.5814947043554581,0
1204,1661.864501953125,0.5073290105488556,0
1205,1651.681396484375,0.5060887536805824,0
1206,1633.1617431640625,0.3947012468289867,0
1207,1640.6495361328125,0.4005648623673578,0
1208,1633.51123046875,0.28960920923004596,0
1209,1631.3148193359375,0.7624365114780409,1
1210,1631.0152587890625,0.3134205146913073,0
1211,1650.1339111328125,0.3960642203306139,0
1212,1629.318115234375,0.39223891016462037,0
1213,1623.8272705078125,0.6342386565416662,0
1214,1636.1070556640625,0.45575754825619585,0
1215,1639.9505615234375,0.68716131090106,0
1216,1631.5145263671875,0.39897640636341974,0
1217,1632.562744140625,0.5418491243335702,0
1218,1604.0596923828125,0.3746979420110364,0
1219,1615.9400634765625,0.8217723691660082,1
1220,1595.9730224609375,0.3218602371455731,0
1221,1589.483642578125,0.5464731065340541,0
1222,1608.8018798828125,0.5950665321398148,0
1223,1620.3829345703125,0.5620698646177247,0
1224,1602.2626953125,0.47220685116834377,0
1225,1584.491943359375,0.4805268950399861,0
1226,1616.3895263671875,0.5065717207968664,0
1227,1612.9951171875,0.4779496997557267,0
1228,1579.20068359375,0.6445818675192364,0
1229,1541.7623291015625,0.8315784502387027,1
1230,1494.5899658203125,0.416376232248825,0
1231,1532.4776611328125,0.2945295530631383,0
1232,1535.173095703125,0.4867576927473118,0
1233,1520.19775390625,0.8869564006481478,1
1234,1509.2158203125,0.3794488148045404,0
1235,1545.3062744140625,0.7458675208166101,0
1236,1549.94873046875,0.751655122111466,1
1237,1560.4315185546875,0.4169617637438008,0
1238,1545.3062744140625,0.5853474618777913,0
1239,1466.4361572265625,0.7442594934692807,0
1240,1427.99951171875,0.44313083885187693,0
1241,1411.6763916015625,0.4694629459846457,0
1242,1410.9776611328125,0.41274786290770343,0
1243,1397.3997802734375,0.34778649039607,0
1244,1385.51953125,0.40260836824009893,0
1245,1388.8638916015625,0.31640895998566154,0
1246,1381.6258544921875,0.5051125202388839,0
1247,1370.6439208984375,0.3845040153412037,0
1248,1365.0531005859375,0.5350678867686122,0
1249,1352.9232177734375,0.2666156530694559,0
1250,1331.009033203125,0.5496320348321686,0
1251,1330.559814453125,0.6250293442413387,0
1252,1330.5098876953125,0.20093965361428168,0
1253,1312.1900634765625,0.5561084854771359,0
1254,1312.040283203125,0.6841503488709938,0
1255,1341.6416015625,0.3185538471963192,0
1256,1340.2437744140625,0.7508858580256554,1
1257,1266.2158203125,0.5628528514049068,0
1258,1269.8099365234375,0.3942482216362387,0
1259,1335.2520751953125,0.4916346383513441,0
1260,1340.843017578125,0.5837490368782583,0
1261,1348.180908203125,0.5114008087118618,0
1262,1366.6505126953125,0.5808133988669554,0
1263,1397.948974609375,0.36189896103809505,0
1264,1399.446533203125,0.5254041236054117,0
1265,1386.2681884765625,0.287942825464253,0
1266,1396.3016357421875,0.48331609079769494,0
1267,1418.4652099609375,0.36441385378028157,0
1268,1425.85302734375,0.389670508611535,0
1269,1411.726318359375,0.6854139762815656,0
1270,1402.2918701171875,0.6636965180891403,0
1271,1392.0089111328125,0.5913707181360766,0
1272,1358.713623046875,0.33615308529911314,0
1273,1344.7364501953125,0.4525387325457797,0
1274,1356.7667236328125,0.6819646549968775,0
1275,1355.16943359375,0.5212575370459858,0
1276,1332.7064208984375,0.8478994309972541,1
1277,1341.691650390625,0.5589976759091557,0
1278,1341.34228515625,0.5288073674735048,0
1279,1353.122802734375,0.4536325303696248,0
1280,1378.531005859375,0.5200311357173424,0
1281,1378.531005859375,0.4771295245429184,0
1282,1350.327392578125,0.6062163015032885,0
1283,1326.666259765625,0.6435053475191876,0
1284,1293.5706787109375,0.3821015809238076,0
1285,1278.44580078125,0.3003150569663333,0
1286,1280.4923095703125,0.22456919403450554,0
1287,1291.47412109375,0.5761986990368816,0
1288,1299.61083984375,0.33449500907391894,0
1289,1243.3533935546875,0.17706641105712756,0
1290,1266.01611328125,0.5582867906796446,0
1291,1292.422607421875,0.8739499276149185,1
1292,1287.8802490234375,0.499089363269016,0
1293,1238.6112060546875,0.6257736161677463,0
1294,1237.063720703125,0.5122744037821347,0
1295,1221.1400146484375,0.4851665520213286,0
1296,1244.00244140625,0.6378614724481653,0
1297,1264.418701171875,0.4564588183717023,0
1298,1280.8416748046875,0.5401088471107854,0
1299,1277.19775390625,0.548254670929402,0
1300,1301.8072509765625,0.3997864319535427,0
1301,1302.905517578125,0.6488063524304784,0
1302,1321.0255126953125,0.4737560364956887,0
1303,1319.37841796875,0.3866382260760733,0
1304,1339.0958251953125,0.5804764765355606,0
1305,1338.9461669921875,0.3652298027313444,0
1306,1333.005859375,0.5042271736053693,0
1307,1329.162109375,0.49863215050336945,0
1308,1329.9110107421875,0.6628843348747367,0
1309,1315.7342529296875,0.5712047349319929,0
1310,1317.5811767578125,0.4962459561882284,0
1311,1343.5885009765625,0.6226649448800431,0
1312,1332.506591796875,0.708531132352597,0
1313,1357.76513671875,0.5836715459527794,0
1314,1352.4239501953125,0.5015528929765071,0
1315,1346.8331298828125,0.3032245651474761,0
1316,1344.7864990234375,0.3402329505386941,0
1317,1372.1912841796875,0.45421629434679983,0
1318,1357.016357421875,0.4085731696761075,0
1319,1402.4915771484375,0.4719543045521831,0
1320,1406.385009765625,0.5084974887345661,0
1321,1412.1256103515625,0.5794539131535096,0
1322,1418.06591796875,0.4894251832911363,0
1323,1421.1107177734375,0.5729752465739303,0
1324,1419.0142822265625,0.509671162221518,0
1325,1426.0028076171875,0.2036800150469193,0
1326,1413.07421875,0.35909969092718685,0
1327,1413.1239013671875,0.47838686664175767,0
1328,1412.7745361328125,0.31854578857383387,0
1329,1410.677978515625,0.5899893094994306,0
1330,1434.8880615234375,0.7296126248515546,0
1331,1424.10595703125,0.6828142777545975,0
1332,1425.00439453125,0.4679835693604688,0
1333,1436.7850341796875,0.7236089205274928,0
1334,1447.16796875,0.5223001185803168,0
1335,1463.441162109375,0.4494371043322941,0
1336,1448.66552734375,0.407989600468859,0
1337,1447.76708984375,0.45462954702678077,0
1338,1454.8553466796875,0.44177347721881566,0
1339,1456.5025634765625,0.5255624333563231,0
1340,1472.676025390625,0.5240860971574797,0
1341,1478.4664306640625,0.5004569030230122,0
1342,1464.9886474609375,0.5655407254619524,0
1343,1464.090087890625,0.6785969412179512,0
1344,1463.5909423828125,0.6424331203161986,0
1345,1483.757568359375,0.2772653047325145,0
1346,1477.9671630859375,0.11691182976470677,0
1347,1472.276611328125,0.640147986685891,0
1348,1506.120849609375,0.2949681952376868,0
1349,1539.4161376953125,0.46628518971609745,0
1350,1518.550537109375,0.3244830460910961,0
1351,1516.7535400390625,0.22970293436299705,0
1352,1505.172607421875,0.5812194092307182,0
1353,1499.481689453125,0.613873274045397,0
1354,1505.0726318359375,0.4135234398909921,0
1355,1520.4473876953125,0.11134365617826353,0
1356,1516.35400390625,0.4180633327621276,0
1357,1526.29296875,0.558770600810382,0
1358,1538.37939453125,0.2781632646838807,0
1359,1627.6796875,0.5275039879668734,0
1360,1611.897216796875,0.49770352262405065,0
1361,1618.09033203125,0.5868937249401632,0
1362,1613.095947265625,0.517937055262123,0
1363,1596.0150146484375,0.35403965886776667,0
1364,1590.62109375,0.6794857252496737,0
1365,1591.4200439453125,0.4762205640459545,0
1366,1613.295654296875,0.49590431907351024,0
1367,1612.396728515625,0.36000980613902056,0
1368,1608.4510498046875,0.43350766232127347,0
1369,1616.4920654296875,0.3672795928959649,0
1370,1642.26318359375,0.47405809101148655,0
1371,1633.9725341796875,0.7567562720213514,1
1372,1631.0257568359375,0.29421482856029657,0
1373,1655.6483154296875,0.2579657903184889,0
1374,1647.0079345703125,0.7206755491240413,0
1375,1624.6329345703125,0.46860144842722007,0
1376,1612.746337890625,0.39963908920101254,0
1377,1583.0794677734375,0.6559857031094114,0
1378,1596.5145263671875,0.4091576690394704,0
1379,1570.5933837890625,0.7739014570320404,1
1380,1525.2940673828125,0.6016888807008903,0
1381,1491.9813232421875,0.4268132887781446,0
1382,1484.6396484375,0.8235962319898256,1
1383,1506.7149658203125,0.40914276154949925,0
1384,1514.056640625,0.611314305801396,0
1385,1514.90576171875,0.5448938870609737,0
1386,1517.70263671875,0.6952611934098197,0
1387,1502.31982421875,0.7342266795090279,0
1388,1480.3944091796875,0.504800622359865,0
1389,1468.2078857421875,0.3869873194480725,0
1390,1475.2000732421875,0.5689958214408675,0
1391,1458.518798828125,0.39834269453718407,0
1392,1476.6485595703125,0.8020080871289934,1
1393,1466.1602783203125,0.5204802996624106,0
1394,1468.4576416015625,0.4452017673031837,0
1395,1466.959228515625,0.5277020458797362,0
1396,1502.219970703125,0.2979310565705455,0
1397,1498.2244873046875,0.35425789422340226,0
1398,1501.770263671875,0.6800620861916638,0
1399,1499.822509765625,0.40146585815429064,0
1400,1487.2366943359375,0.34296335259770905,0
1401,1512.8079833984375,0.5804979128790929,0
1402,1508.4129638671875,0.6778556231994495,0
1403,1508.762451171875,0.60784299659976,0
1404,1516.50390625,0.6494071528708725,0
1405,1517.8524169921875,0.3864807367145809,0
1406,1539.278564453125,0.28672839998872346,0
1407,1547.96875,0.725200047793323,0
1408,1540.726806640625,0.45159802417367967,0
1409,1551.0653076171875,0.4623750475317429,0
1410,1549.1673583984375,0.6992291212773587,0
1411,1536.3817138671875,0.583434501410099,0
1412,1558.207275390625,0.5683831658122411,0
1413,1551.6146240234375,0.8247503517351626,1
1414,1524.4949951171875,0.40347226544297854,0
1415,1541.9754638671875,0.6391760192121856,0
1416,1575.6378173828125,0.5085519687345627,0
1417,1565.9486083984375,0.5402888418294886,0
1418,1564.0008544921875,0.7292702639618798,0
1419,1537.9798583984375,0.5761753634434436,0
1420,1538.529296875,0.580744411857445,0
1421,1559.30615234375,0.6608761005964703,0
1422,1530.837890625,0.4452570905685672,0
1423,1540.8267822265625,0.37411854989914906,0
1424,1632.8238525390625,0.34327862089684497,0
1425,1619.738525390625,0.20504651159359977,0
1426,1631.2755126953125,0.8084310694910484,1
1427,1634.7216796875,0.3345187451417475,0
1428,1632.9736328125,0.4668119564621342,0
1429,1644.7105712890625,0.4584780050166619,0
1430,1640.51513671875,0.5461110046713651,0
1431,1655.798095703125,0.6223605818808945,0
1432,1626.3809814453125,0.6290710232539618,0
1433,1632.923828125,0.4125383842146592,0
1434,1633.223388671875,0.47493174293203827,0
1435,1611.347900390625,0.542386992573245,0
1436,1609.6497802734375,0.46269633107246794,0
1437,1558.2572021484375,0.7411018364029989,0
1438,1564.6500244140625,0.5736462427457377,0
1439,1559.35595703125,0.6102316679074726,0
1440,1567.796630859375,0.5994321903001119,0
1441,1571.0927734375,0.6760210786227987,0
1442,1573.83984375,0.527153233805556,0
1443,1534.4339599609375,0.305475207806623,0
1444,1562.65234375,0.5599531927628962,0
1445,1568.04638671875,0.40229646593122564,0
1446,1573.7398681640625,0.42070749773753646,0
1447,1580.482421875,0.587954602813264,0
1448,1594.217041015625,0.6857424607150453,0
1449,1583.428955078125,0.5031907365104092,0
1450,1585.277099609375,0.5463249518898445,0
1451,1618.8394775390625,0.7553322416952857,1
1452,1614.0948486328125,0.5361129769232852,0
1453,1592.01953125,0.8902524671270593,1
1454,1608.6009521484375,0.5848264468447316,0
1455,1622.0859375,0.23588558612662736,0
1456,1622.1357421875,0.6130012431656798,0
1457,1615.4432373046875,0.5571737577324166,0
1458,1652.5517578125,0.6934629131124118,0
1459,1651.65283203125,0.6009772026904937,0
1460,1671.6304931640625,0.47923160240243395,0
1461,1684.06640625,0.31635526455659513,0
1462,1694.35498046875,0.46864651140709623,0
1463,1690.808837890625,0.37242193186860495,0
1464,1698.450439453125,0.4129214825292916,0
1465,1702.1463623046875,0.5882867606630915,0
1466,1708.239501953125,0.750485675652711,1
1467,1700.897705078125,0.5592007294734471,0
1468,1704.84326171875,0.32061754069472237,0
1469,1682.6680908203125,0.5666904002330211,0
1470,1729.0162353515625,0.6794947229968477,0
1471,1731.2138671875,0.4085325643520927,0
1472,1722.67333984375,0.47989742499906235,0
1473,1707.83984375,0.5022032292093795,0
1474,1679.0220947265625,0.382265253037664,0
1475,1664.9879150390625,0.5972420650765788,0
1476,1670.18212890625,0.48185777770883276,0
1477,1643.4619140625,0.5629298665860542,0
1478,1667.5848388671875,0.36687617332968503,0
1479,1679.32177734375,0.43438125495148844,0
1480,1683.916748046875,0.6083572036741657,0
1481,1674.5272216796875,0.4440750271862349,0
1482,1684.316162109375,0.7590445776850108,1
1483,1675.7757568359375,0.44005457215780963,0
1484,1700.048583984375,0.5337027088627829,0
1485,1707.5902099609375,0.6398886247809634,0
1486,1694.4549560546875,0.28724514006004526,0
1487,1680.5703125,0.2358786782028836,0
1488,1669.9822998046875,0.2711515528144858,0
1489,1667.3851318359375,0.6893876155140773,0
1490,1650.0545654296875,0.41722127811613297,0
1491,1630.576416015625,0.8837298928502378,1
1492,1621.686279296875,0.4153628602013917,0
1493,1584.3779296875,0.5276826954795556,0
1494,1579.383544921875,0.7313164928851813,0
1495,1598.7119140625,0.8009139332238684,1
1496,1580.7320556640625,0.8092255364954597,1
1497,1619.0391845703125,0.6812549345889714,0
1498,1628.328857421875,0.6536093788717193,0
1499,1635.1212158203125,0.5888790423801775,0
1500,1588.773193359375,0.6167541614249956,0
1501,1625.4820556640625,0.41732214255072,0
1502,1620.4376220703125,0.37727016748665393,0
1503,1649.655029296875,0.4994938313883572,0
1504,1613.095947265625,0.4744723066212607,0
1505,1595.265869140625,0.4320157926009087,0
1506,1594.416748046875,0.6044581171185073,0
1507,1568.7955322265625,0.6432957812855766,0
1508,1569.1949462890625,0.5132610329437771,0
1509,1555.5103759765625,0.7216295121582893,0
1510,1566.248291015625,0.32874663287997424,0
1511,1577.9351806640625,0.4709510811080423,0
1512,1567.646728515625,0.39247665190957925,0
1513,1574.139404296875,0.22001950743904103,0
1514,1618.340087890625,0.48759789712359514,0
1515,1601.059326171875,0.4817378737425075,0
1516,1585.177001953125,0.7270174614863196,0
1517,1590.7708740234375,0.5946217526832166,0
1518,1614.744140625,0.3463719763506192,0
1519,1612.49658203125,0.7781138849501282,1
1520,1598.8118896484375,0.683155054328803,0
1521,1582.7298583984375,0.5873146555202924,0
1522,1592.01953125,0.46602738517252523,0
1523,1611.59765625,0.35608411449147803,0
1524,1617.490966796875,0.44416898358934204,0
1525,1548.7679443359375,0.6633122929556279,0
1526,1552.8631591796875,0.7826879458901914,1
1527,1581.0318603515625,0.7314865292408284,0
1528,1597.013916015625,0.4266725867320589,0
1529,1591.769775390625,0.33205738500664833,0
1530,1571.392578125,0.5211329370366806,0
1531,1561.9530029296875,0.23473409516557225,0
1532,1569.6943359375,0.5484751571277172,0
1533,1575.2882080078125,0.4778596120551997,0
1534,1579.733154296875,0.43009452471976367,0
1535,1582.9295654296875,0.2607945399099807,0
1536,1600.8096923828125,0.5770400159854575,0
1537,1585.7764892578125,0.4200948740507133,0
1538,1592.119384765625,0.3245124746434568,0
1539,1580.8819580078125,0.06916066800775261,0
1540,1642.0135498046875,0.49587276424240456,0
1541,1644.1611328125,0.7658377395004616,1
1542,1654.699462890625,0.7491888821821805,0
1543,1638.5174560546875,0.4314355615120592,0
1544,1653.9503173828125,0.4096681909457329,0
1545,1676.075439453125,0.5703161384112536,0
1546,1687.2630615234375,0.3502421841217563,0
1547,1708.4892578125,0.5452687849729199,0
1548,1702.1962890625,0.6149120417577035,0
1549,1696.75244140625,0.6840399835826462,0
1550,1654.9989013671875,0.4849768885280071,0
1551,1616.6917724609375,0.4694489374734551,0
1552,1592.119384765625,0.3683026119865158,0
1553,1617.1912841796875,0.375967946894021,0
1554,1627.629638671875,0.466028166214771,0
1555,1619.2889404296875,0.5551048260224267,0
1556,1628.528564453125,0.6370376939349874,0
1557,1653.7005615234375,0.3795231573979483,0
1558,1595.5655517578125,0.7239032853439282,0
1559,1593.867431640625,0.4593314598436147,0
1560,1613.19580078125,0.49679490584773456,0
1561,1613.645263671875,0.3879182481278265,0
1562,1625.4820556640625,0.13636396095905878,0
1563,1609.5498046875,0.6326068094541575,0
1564,1613.345703125,0.610526584563865,0
1565,1601.2591552734375,0.45780086643226797,0
1566,1562.85205078125,0.5100486075837308,0
1567,1570.9429931640625,0.5773908826556149,0
1568,1578.7843017578125,0.2656181214670186,0
1569,1574.6888427734375,0.4206420983980558,0
1570,1567.2972412109375,0.6191397019432741,0
1571,1594.217041015625,0.31185658652461257,0
1572,1582.9796142578125,0.5440336898249944,0
1573,1580.7821044921875,0.29651272930648925,0
1574,1582.180419921875,0.569964497365029,0
1575,1606.6529541015625,0.4946537776553775,0
1576,1599.9105224609375,0.2577302276141736,0
1577,1594.017333984375,0.6747109031685757,0
1578,1597.863037109375,0.3898112634802926,0
1579,1568.1461181640625,0.3784621344478428,0
1580,1522.3973388671875,0.5300853795846414,0
1581,1526.892333984375,0.6722956024143073,0
1582,1574.0396728515625,0.3476267271532405,0
1583,1475.649658203125,0.5092519774771957,0
1584,1516.0045166015625,0.5643224750495859,0
1585,1524.7447509765625,0.6039658410894716,0
1586,1565.9486083984375,0.5264662332915838,0
1587,1564.0509033203125,0.44494582413750167,0
1588,1566.498046875,0.37586146690269207,0
1589,1577.3359375,0.5129215824569562,0
1590,1588.3236083984375,0.339179148202159,0
1591,1589.9718017578125,0.06179742747580891,0
1592,1596.164794921875,0.5654839706236502,0
1593,1593.1182861328125,0.6355902261629293,0
1594,1584.2281494140625,0.14556013466872425,0
1595,1578.131103515625,0.34854039429350936,0
1596,1586.8768310546875,0.5928731391507797,0
1597,1602.5692138671875,0.8086243204567548,1
1598,1599.470703125,0.5031190561513111,0
1599,1602.3193359375,0.39079955881562983,0
1600,1587.3765869140625,0.47256553383427397,0
1601,1579.430419921875,0.7062314628722277,0
1602,1578.980712890625,0.4031053731313197,0
1603,1593.373779296875,0.380121199002462,0
1604,1584.927734375,0.42758847167269515,0
1605,1578.830810546875,0.35700070876119316,0
1606,1569.3353271484375,0.5184005473992194,0
1607,1580.829833984375,0.7437017687704341,0
1608,1581.7794189453125,0.5484618909674044,0
1609,1587.0767822265625,0.46214697468105687,0
1610,1596.47216796875,0.45622830966266836,0
1611,1601.419677734375,0.26552137869550146,0
1612,1608.7662353515625,0.6324664665720738,0
1613,1650.4459228515625,0.4883244204480797,0
1614,1639.4512939453125,0.47292801296140613,0
1615,1630.355712890625,0.9789661351767291,1
1616,1618.0616455078125,0.5448129362548529,0
1617,1578.48095703125,0.38723134248572233,0
1618,1571.1844482421875,0.4360463605691685,0
1619,1585.6773681640625,0.6722668563795132,0
1620,1616.362548828125,0.5169905615806647,0
1621,1641.85009765625,0.284258303252395,0
1622,1650.845703125,0.6378843401862805,0
1623,1634.00390625,0.39977838716915093,0
1624,1622.659423828125,0.7809946664326318,1
1625,1566.9365234375,0.6620072098571973,0
1626,1563.3382568359375,0.4329017156511873,0
1627,1570.634765625,0.692152454260267,0
1628,1539.300048828125,0.5101783265791104,0
1629,1559.440185546875,0.6279160512683329,0
1630,1558.2408447265625,0.5727099225941712,0
1631,1542.598388671875,0.373046501751369,0
1632,1528.4053955078125,0.4034675251523807,0
1633,1549.145263671875,0.6544941226371742,0
1634,1550.3446044921875,0.44978370018401886,0
1635,1601.31982421875,0.4394527305137005,0
1636,1620.16064453125,0.35673161309759704,0
1637,1624.9083251953125,0.5635398598390191,0
1638,1639.1014404296875,0.8093787378864717,1
1639,1685.3787841796875,0.33987006286185906,0
1640,1718.162841796875,0.5036329185009137,0
1641,1712.66552734375,0.7118330833123143,0
1642,1754.7950439453125,0.48805379131314275,0
1643,1782.1817626953125,0.5678557694374601,0
1644,1839.65380859375,0.34064097077796807,0
1645,1864.6915283203125,0.5642460645811473,0
1646,1870.988525390625,0.47192836024931767,0
1647,1864.041748046875,0.6478594993519795,0
1648,1856.24560546875,0.6781079077347126,0
1649,1859.5439453125,0.8884345463027921,1
1650,1823.611572265625,0.5869449759820363,0
1651,1832.25732421875,0.548869447487325,0
1652,1853.94677734375,0.5291576452366004,0
1653,1893.5274658203125,0.44702505607839677,0
1654,1856.6954345703125,0.5507725765192537,0
1655,1847.7996826171875,0.4556897884791456,0
1656,1887.2803955078125,0.5252691464404421,0
1657,1889.4794921875,0.6976396303411939,0
1658,1915.8665771484373,0.34901861520805383,0
1659,1919.0150146484373,0.6709817841693568,0
1660,1903.7225341796875,0.6975672601009798,0
1661,1927.5609130859373,0.4822897209513382,0
1662,1981.83447265625,0.1817217651487108,0
1663,2009.7208251953125,0.40882670193583515,0
1664,1972.4390869140625,0.6945491819841664,0
1665,1974.2880859375,0.4965697906551677,0
1666,1912.46826171875,0.3501046651557634,0
1667,1883.63232421875,0.4242837618157674,0
1668,1878.3848876953125,0.6260930039756829,0
1669,1837.2548828125,0.5820100352302069,0
1670,1866.040771484375,0.4641601851245459,0
1671,1874.7864990234373,0.44497633822779686,0
1672,1875.486328125,0.4412362776434267,0
1673,1866.2906494140625,0.3616384723252246,0
1674,1853.047119140625,0.7423063534204163,0
1675,1861.143310546875,0.45165192961829903,0
1676,1814.915771484375,0.6825737781238245,0
1677,1819.0137939453125,0.7281974077883677,0
1678,1757.543701171875,0.6497466347221941,0
1679,1721.7611083984375,0.43525695309229273,0
1680,1738.852783203125,0.5605595135504914,0
1681,1741.2515869140625,0.49637065904136257,0
1682,1706.568603515625,0.36444472089048074,0
1683,1729.6072998046875,0.5486538922582405,0
1684,1765.839599609375,0.32314403132602965,0
1685,1751.5965576171875,0.6781519082692345,0
1686,1749.8974609375,0.43030740540524104,0
1687,1753.845458984375,0.5301739483809259,0
1688,1711.666015625,0.5424931807319213,0
1689,1734.8048095703125,0.4611642539443884,0
1690,1747.848388671875,0.5880040702212912,0
1691,1728.857666015625,0.42876445150662135,0
1692,1738.90283203125,0.6306945946185867,0
1693,1716.6136474609375,0.2981030479629877,0
1694,1690.9261474609375,0.5189569369319618,0
1695,1663.639404296875,0.7908393498587427,1
1696,1639.00146484375,0.3499503013091638,0
1697,1615.2130126953125,0.3983382544212723,0
1698,1595.5726318359375,0.5770861774488373,0
1699,1568.48583984375,0.5269372672909397,0
1700,1600.0704345703125,0.5525945148910338,0
1701,1604.1185302734375,0.5733780695221495,0
1702,1593.6236572265625,0.5952082202842655,0
1703,1599.2708740234375,0.6664549762934335,0
1704,1574.2830810546875,0.5614727985392769,0
1705,1579.1805419921875,0.46381135180721866,0
1706,1595.87255859375,0.6008860551804097,0
1707,1606.3173828125,0.7849822902342823,1
1708,1627.30712890625,0.48010493804261395,0
1709,1643.29931640625,0.35382060429940376,0
1710,1634.4036865234375,0.6660621003930459,0
1711,1636.2528076171875,0.48194282540696026,0
1712,1662.5899658203125,0.17409956809789456,0
1713,1685.6787109375,0.6271132515725633,0
1714,1678.4822998046875,0.4197007721069116,0
1715,1678.8819580078125,0.4864200076543759,0
1716,1672.8349609375,0.5497970495853521,0
1717,1642.349853515625,0.52857495196686,0
1718,1629.9559326171875,0.6064177725708559,0
1719,1588.7760009765625,0.4346770444145235,0
1720,1568.8856201171875,0.5769658697264124,0
1721,1562.638671875,0.4610679983624124,0
1722,1563.7882080078125,0.6108215721331255,0
1723,1558.540771484375,0.592305122601958,0
1724,1578.531005859375,0.3596841946933107,0
1725,1575.93212890625,0.6628973174262548,0
1726,1567.3363037109375,0.4196054832328928,0
1727,1575.63232421875,0.6212086697421717,0
1728,1699.8218994140625,0.555093097010201,0
1729,1700.2716064453125,0.7757275515192683,1
1730,1683.7796630859375,0.4664801026442222,0
1731,1681.9305419921875,0.44760248058227037,0
1732,1696.173583984375,0.4970870591168401,0
1733,1689.4769287109375,0.4545230325748587,0
1734,1700.4215087890625,0.6199912852913075,0
1735,1673.334716796875,0.2575534087345118,0
1736,1712.66552734375,0.3419476371280469,0
1737,1670.8359375,0.33982956176312107,0
1738,1696.5234375,0.6425461387960364,0
1739,1679.83154296875,0.7565920058872888,1
1740,1734.35498046875,0.48433261721937926,0
1741,1716.163818359375,0.4746767415214984,0
1742,1742.451171875,0.5105078244669772,0
1743,1745.2996826171875,0.6742817453912285,0
1744,1727.858154296875,0.3608970298714139,0
1745,1710.7664794921875,0.5357553474102178,0
1746,1768.0885009765625,0.6462796444673644,0
1747,1789.5281982421875,0.5751641254909767,0
1748,1744.35009765625,0.5284372424898115,0
1749,1735.2545166015625,0.6501569138850711,0
1750,1753.1458740234375,0.09451515605011446,0
1751,1793.9759521484375,0.6016812979296361,0
1752,1812.366943359375,0.40188864753088643,0
1753,1795.875,0.2254050654715315,0
1754,1787.1292724609375,0.5766803899287472,0
1755,1797.4742431640625,0.7060487817744436,0
1756,1791.5272216796875,0.4793827228058462,0
1757,1744.000244140625,0.6429311820804409,0
1758,1787.828857421875,0.7418417386982968,0
1759,1848.3494873046875,0.697237168037607,0
1760,1840.4034423828125,0.745994679405709,0
1761,1893.92724609375,0.6113191236607838,0
1762,1892.77783203125,0.5113150458352389,0
1763,1874.436767578125,0.25970512821542474,0
1764,1880.3338623046875,0.4630906267805077,0
1765,1878.434814453125,0.37351301070257126,0
1766,1856.8953857421875,0.8256414076246721,1
1767,1874.1868896484373,0.4736171281351495,0
1768,1924.6123046875,0.5184807210176728,0
1769,1871.3883056640625,0.5827228064060701,0
1770,1837.65478515625,0.506540366955868,0
1771,1789.42822265625,0.7542576560646129,1
1772,1800.922607421875,0.4066025957398322,0
1773,1844.55126953125,0.5291911182855864,0
1774,1844.4014892578125,0.3886294121452928,0
1775,1839.4537353515625,0.30199662331689414,0
1776,1804.5208740234373,0.4082346363642072,0
1777,1818.56396484375,0.4944444804427382,0
1778,1806.56982421875,0.435604666322411,0
1779,1870.6885986328125,0.3961368530189216,0
1780,1870.6885986328125,0.28905238044922493,0
1781,1841.3529052734373,0.4875341641056958,0
1782,1850.9481201171875,0.27429194389534967,0
1783,1846.3504638671875,0.6140083945534404,0
1784,1893.2276611328125,0.5123659629401754,0
1785,1944.1029052734373,0.2813672750802604,0
1786,1942.45361328125,0.4536186384425205,0
1787,2004.7733154296875,0.38717653916141254,0
1788,2006.3724365234373,0.547876176562877,0
1789,1936.1566162109373,0.7010675669034717,0
1790,1930.0096435546875,0.2187241295531383,0
1791,1919.5147705078125,0.5172539118721126,0
1792,1911.3687744140625,0.47598008066500397,0
1793,1851.747802734375,0.6007010114675698,0
1794,1902.273193359375,0.5319794942356534,0
1795,1894.77685546875,0.38720460023917713,0
1796,1945.352294921875,0.4521419096500073,0
1797,1967.0416259765625,0.38059612147947663,0
1798,1968.240966796875,0.6614010707897897,0
1799,2034.3089599609373,0.5031967473007913,0
1800,2102.4755859375,0.785178602862951,1
1801,2075.988525390625,0.4909008779278069,0
1802,2099.777099609375,0.39373898496343057,0
1803,2103.974853515625,0.27294284110807593,0
1804,2044.50390625,0.22952904856160827,0
1805,2048.701904296875,0.2623796085491765,0
1806,2065.893310546875,0.5400689976517226,0
1807,1950.649658203125,0.5763087534844901,0
1808,1965.7421875,0.26282139469518,0
1809,2025.2132568359373,0.6342557471114173,0
1810,2034.8087158203125,0.42754084224748407,0
1811,2029.3114013671875,0.5220189517978324,0
1812,2005.023193359375,0.7418330942383137,0
1813,1969.0406494140625,0.6345258973798298,0
1814,2049.4013671875,0.4597204028141252,0
1815,2017.2171630859373,0.3663211661877069,0
1816,2019.4161376953125,0.17722768980060427,0
1817,2040.9056396484373,0.392127002113637,0
1818,2032.609619140625,0.46833046417584584,0
1819,2037.3074951171875,0.35192307092732245,0
1820,2004.12353515625,0.4803114549361543,0
1821,2036.3079833984373,0.5115277824438152,0
1822,2000.0255126953125,0.4662716027287882,0
1823,2035.50830078125,0.40249961287648106,0
1824,2051.6005859375,0.5252982007950091,0
1825,2028.9114990234373,0.5662910974354114,0
1826,2021.4151611328125,0.3364401383835731,0
1827,2009.9207763671875,0.7116398569619405,0
1828,2016.4176025390625,0.4852117801573607,0
1829,2028.011962890625,0.5028274434417271,0
1830,1990.9300537109373,0.6062321634884835,0
1831,1955.1474609375,0.5349824196895252,0
1832,1943.0533447265625,0.6429704950869868,0
1833,1989.0308837890625,0.5430686247802736,0
1834,2016.4176025390625,0.40813439380393435,0
1835,1997.126953125,0.5542255287809152,0
1836,2011.9197998046875,0.3284410689019007,0
1837,2027.8121337890625,0.5162839558664785,0
1838,2010.020751953125,0.4950155014033309,0
1839,2027.2122802734373,0.46878247140911905,0
1840,2002.324462890625,0.48071937328416037,0
1841,1980.4351806640625,0.21772264317535417,0
1842,1966.641845703125,0.4176912638388558,0
1843,1985.2327880859373,0.5139267351711672,0
1844,1996.627197265625,0.52397845879961,0
1845,2008.2215576171875,0.3458487288611063,0
1846,2010.8203125,0.6898561761297051,0
1847,2052.60009765625,0.3700737727678249,0
1848,2044.0,0.6454185800790105,0
1849,2056.0,0.5640791542807527,0
1850,2053.800048828125,0.4030659035234295,0
1851,2007.9000244140625,0.7662966338914268,1
1852,1980.699951171875,0.320954475236528,0
1853,1994.4000244140625,0.6378731260415003,0
1854,2006.4000244140625,0.6500873477064467,0
1855,2018.300048828125,0.3994069686385033,0
1856,2026.4000244140625,0.7088697950096493,0
1857,2039.4000244140625,0.4624930228101571,0
1858,2017.199951171875,0.5433040443919785,0
1859,2003.5999755859373,0.5390482758156832,0
1860,2036.5,0.4798536887794178,0
1861,2036.0,0.6216212409739673,0
1862,2026.5,0.6190233080828319,0
1863,2029.5999755859373,0.2377202040142729,0
1864,2053.89990234375,0.6956510364317229,0
1865,2039.5999755859373,0.2506262017946489,0
1866,2060.5,0.6548819306512486,0
1867,2032.300048828125,0.6690057705241375,0
1868,1985.800048828125,0.3363550354677203,0
1869,1977.800048828125,0.4383778568068123,0
1870,1972.5999755859373,0.3341442997271097,0
1871,1959.800048828125,0.4677618454566897,0
1872,1948.0,0.4537948573721388,0
1873,1916.300048828125,0.6169490798404009,0
1874,1933.5999755859373,0.6965463119179413,0
1875,1939.4000244140625,0.7093525716184934,0
1876,1924.0,0.4156747960132547,0
1877,1914.0,0.46861671893832085,0
1878,1919.199951171875,0.24748427116685745,0
1879,1922.800048828125,0.37911949002557166,0
1880,1908.0,0.6447277449646186,0
1881,1914.4000244140625,0.7423374235322348,0
1882,1925.0999755859373,0.31484766921801166,0
1883,1993.5,0.41113036112706586,0
1884,1972.199951171875,0.49603913645616093,0
1885,1958.5,0.542024173822941,0
1886,1980.0,0.3785594720117531,0
1887,1965.9000244140625,0.5636091566696134,0
1888,1963.800048828125,0.4289240979393626,0
1889,1924.199951171875,0.49783215936825814,0
1890,1917.5999755859373,0.581942637200555,0
1891,1913.5,0.5009633404716407,0
1892,1943.5,0.4345421164210147,0
1893,1955.9000244140625,0.48355852941112537,0
1894,1966.0999755859373,0.4867455561191997,0
1895,2002.199951171875,0.44449834551768086,0
1896,2014.4000244140625,0.46118059059993466,0
1897,2008.4000244140625,0.7397970755757075,0
1898,2025.300048828125,0.5841379171911858,0
1899,2038.199951171875,0.45567795229562597,0
1900,2037.800048828125,0.6045431606766103,0
1901,2081.5,0.4499270765365985,0
1902,2080.0,0.6759686956379962,0
1903,2080.300048828125,0.5554463288297141,0
1904,2057.0,0.4839046783993657,0
1905,2069.199951171875,0.5671575388715416,0
1906,2067.300048828125,0.2643685771897251,0
1907,2069.5,0.3309848796635292,0
1908,2084.39990234375,0.3209112490401417,0
1909,2069.199951171875,0.5214414642145561,0
1910,2035.5999755859373,0.7598772499227637,1
1911,2003.199951171875,0.8346950219288949,1
1912,2024.699951171875,0.5957076652161135,0
1913,2006.4000244140625,0.5751266712416685,0
1914,2007.0,0.22984133987708916,0
1915,2000.9000244140625,0.41859893003989673,0
1916,2033.199951171875,0.38183243721376414,0
1917,2032.5999755859373,0.4068728602623326,0
1918,2013.5999755859373,0.4747784272122816,0
1919,2014.5999755859373,0.4291864133454309,0
1920,2004.300048828125,0.20310502844363187,0
1921,2020.4000244140625,0.61218653841763,0
1922,2019.4000244140625,0.33908854613902906,0
1923,2084.10009765625,0.5358870296166725,0
1924,2090.199951171875,0.811112400462496,1
1925,2083.699951171875,0.3620923112620365,0
1926,2139.800048828125,0.12045687158805057,0
1927,2169.10009765625,0.4570993667179834,0
1928,2176.60009765625,0.6651439452497856,0
1929,2159.5,0.7937521181330891,1
1930,2170.199951171875,0.31556756083213744,0
1931,2140.199951171875,0.5745048834854782,0
1932,2137.0,0.430203431482992,0
1933,2114.60009765625,0.48410774685437963,0
1934,2088.300048828125,0.8966515020525552,1
