node,node_type,embedding_norm,anomaly_score,anomaly_percentile,high_risk
ULTRACEMCO,company,3.426029,1.0,1.0,1
GRASIM,company,1.6282315,0.9584402723238985,0.9986945169712794,1
Neelima Bajaj Family Trust,insider,2.3076706,0.9385273629436074,0.9934725848563969,1
Kumud Bajaj,insider,2.3076706,0.9385273629436074,0.9934725848563969,1
Late Madhur Bajaj,insider,2.3076706,0.9385273629436074,0.9934725848563969,1
Nimisha Bajaj Family Trust,insider,2.3076706,0.9385273629436074,0.9934725848563969,1
Birla Group Holdings Private Limited,insider,2.3076706,0.9385273629436074,0.9934725848563969,1
Sandeep Kumar,insider,2.3076706,0.9385273629436074,0.9934725848563969,1
-,insider,2.3076706,0.9385273629436074,0.9934725848563969,1
BAJFINANCE,company,0.7355369,0.9227987236242183,0.9882506527415144,1
BAJAJFINSV,company,0.2310865,0.849845397854722,0.9869451697127938,1
HINDUNILVR,company,0.1925874,0.8184219450115251,0.9856396866840731,1
TECHM,company,0.040576328,0.7646916325252335,0.9823759791122716,1
BHARTIARTL,company,0.040576328,0.7646916325252335,0.9823759791122716,1
SBIN,company,0.040576328,0.7646916325252335,0.9823759791122716,1
TRENT,company,0.040576328,0.7646916325252335,0.9823759791122716,1
SHRIRAMFIN,company,0.035744388,0.7326504438583894,0.9771540469973891,1
TITAN,company,0.035744388,0.7326504438583894,0.9771540469973891,1
CIPLA,company,0.035744388,0.7326504438583894,0.9771540469973891,1
RELIANCE,company,0.035744388,0.7326504438583894,0.9771540469973891,1
JIOFIN,company,0.037055198,0.7158223885215869,0.9738903394255874,1
WIPRO,company,0.035284117,0.6690920401498248,0.9686684073107049,1
TATACONSUM,company,0.035284113,0.6690920401498248,0.9686684073107049,1
JSWSTEEL,company,0.035284117,0.6690920401498248,0.9686684073107049,1
KOTAKBANK,company,0.03528412,0.6690920401498248,0.9686684073107049,1
DRREDDY,company,0.03528412,0.6690920401498248,0.9686684073107049,1
HDFCBANK,company,0.03528413,0.6690920401498248,0.9686684073107049,1
LT,company,0.035284117,0.6690920401498248,0.9686684073107049,1
INFY,company,0.015831336,0.4962132252799799,0.9634464751958225,1
HCLTECH,company,0.020064922,0.480395489644898,0.9621409921671018,1
Mayank Ranjan,insider,0.030979484,2.048616712158058e-06,0.4810704960835509,0
Venkat Ramesh Kumar Ghanta,insider,0.030979484,2.048616712158058e-06,0.4810704960835509,0
Chandra Ballabh,insider,0.030979484,2.048616712158058e-06,0.4810704960835509,0
Sarat Chand,insider,0.030979484,2.048616712158058e-06,0.4810704960835509,0
Trinankur Biswas,insider,0.030979484,2.048616712158058e-06,0.4810704960835509,0
Akhilesh Gupta,insider,0.030979484,2.048616712158058e-06,0.4810704960835509,0
Lester Lam,insider,0.030979484,2.048616712158058e-06,0.4810704960835509,0
Susanta Baishya,insider,0.030979484,2.048616712158058e-06,0.4810704960835509,0
DAKSHINA MURTHY CHUNDURI,insider,0.030979484,2.048616712158058e-06,0.4810704960835509,0
Kumud Neelima Family Trust,insider,0.030979484,2.048616712158058e-06,0.4810704960835509,0
KRISHNAMURTHY V G,insider,0.030979484,2.048616712158058e-06,0.4810704960835509,0
Deepa Dey,insider,0.030979484,2.048616712158058e-06,0.4810704960835509,0
Hitesh Dev,insider,0.030979484,2.048616712158058e-06,0.4810704960835509,0
Madhur Bajaj (A/c Kumud Nimisha Family Trust),insider,0.030979484,2.048616712158058e-06,0.4810704960835509,0
Siki Giunta,insider,0.030979484,2.048616712158058e-06,0.4810704960835509,0
Saran Yellapantula,insider,0.030979484,2.048616712158058e-06,0.4810704960835509,0
Bhaskaran V,insider,0.030979484,2.048616712158058e-06,0.4810704960835509,0
Rahul Srivastava,insider,0.030979484,2.048616712158058e-06,0.4810704960835509,0
Benjamin D Wiener,insider,0.030979484,2.048616712158058e-06,0.4810704960835509,0
Brij Disa Parthav Trust,insider,0.030979484,2.048616712158058e-06,0.4810704960835509,0
PRIYADARSHI ASHOK DAS,insider,0.030979484,2.048616712158058e-06,0.4810704960835509,0
Omkar Bhalchandra Nisal,insider,0.030979484,2.048616712158058e-06,0.4810704960835509,0
John Roosenberg II,insider,0.030979484,2.048616712158058e-06,0.4810704960835509,0
MEENA SUBRAHMANYAN,insider,0.030979484,2.048616712158058e-06,0.4810704960835509,0
Raghavan V Kidambi,insider,0.030979484,2.048616712158058e-06,0.4810704960835509,0
RAJESH GUPTA,insider,0.030979484,2.048616712158058e-06,0.4810704960835509,0
Shrikanth Shetty,insider,0.030979484,2.048616712158058e-06,0.4810704960835509,0
Shriram Ownership Trust,insider,0.030979484,2.048616712158058e-06,0.4810704960835509,0
Ashesh Kumar,insider,0.030979484,2.048616712158058e-06,0.4810704960835509,0
Bhanu Prasad Narayana,insider,0.030979484,2.048616712158058e-06,0.4810704960835509,0
RAHUL SOOD,insider,0.030979484,2.048616712158058e-06,0.4810704960835509,0
KIRAN KUMAR TAPPITA,insider,0.030979484,2.048616712158058e-06,0.4810704960835509,0
Anup Dutta,insider,0.030979484,2.048616712158058e-06,0.4810704960835509,0
Shriram Value Services Limited,insider,0.030979484,2.048616712158058e-06,0.4810704960835509,0
Kaiwan Olia,insider,0.030979484,2.048616712158058e-06,0.4810704960835509,0
Tasnim Mazher Topiwala,insider,0.030979484,2.048616712158058e-06,0.4810704960835509,0
THIMMAIAH PANDANDA CHANGAPPA,insider,0.030979484,2.048616712158058e-06,0.4810704960835509,0
RAJIV SHANKAR SHESH,insider,0.030979484,2.048616712158058e-06,0.4810704960835509,0
DIPALI AJAY KEER,insider,0.030979484,2.048616712158058e-06,0.4810704960835509,0
Joseph J Alenchery,insider,0.030979484,2.048616712158058e-06,0.4810704960835509,0
Mahesh G,insider,0.030979484,2.048616712158058e-06,0.4810704960835509,0
Sanjay Berry,insider,0.030979484,2.048616712158058e-06,0.4810704960835509,0
Joelien Jose,insider,0.030979484,2.048616712158058e-06,0.4810704960835509,0
Nikos Anerousis,insider,0.030979484,2.048616712158058e-06,0.4810704960835509,0
Sanjoy Ghosh,insider,0.030979484,2.048616712158058e-06,0.4810704960835509,0
S RAMKUMAR,insider,0.030979484,2.048616712158058e-06,0.4810704960835509,0
Rajeev Sharma,insider,0.030979484,2.048616712158058e-06,0.4810704960835509,0
Anjum Swaroop,insider,0.030979484,2.048616712158058e-06,0.4810704960835509,0
Ajay Bahl,insider,0.030979484,2.048616712158058e-06,0.4810704960835509,0
Anusha Jain jointly with Dinesh Jain,insider,0.030979484,2.048616712158058e-06,0.4810704960835509,0
Lopa Ruparel,insider,0.030979484,2.048616712158058e-06,0.4810704960835509,0
Lopa Suresh Ruparel,insider,0.030979484,2.048616712158058e-06,0.4810704960835509,0
Kotak Mahindra Trusteeship Services Limited,insider,0.030979484,2.048616712158058e-06,0.4810704960835509,0
Amitabh Pushparaj Mudaliar,insider,0.030979484,2.048616712158058e-06,0.4810704960835509,0
Harvind Bhatti,insider,0.030979484,2.048616712158058e-06,0.4810704960835509,0
Parijat Saurabh,insider,0.030979484,2.048616712158058e-06,0.4810704960835509,0
Karmesh Gul Vaswani,insider,0.030979484,2.048616712158058e-06,0.4810704960835509,0
Sivakumar Gopalakrishnan,insider,0.030979484,2.048616712158058e-06,0.4810704960835509,0
Nouha En-nabty,insider,0.030979484,2.048616712158058e-06,0.4810704960835509,0
BFL EMPLOYEE WELFARE TRUST,insider,0.030979484,2.048616712158058e-06,0.4810704960835509,0
Virat S Diwanji,insider,0.030979484,2.048616712158058e-06,0.4810704960835509,0
GOVINDAN R,insider,0.030979484,2.048616712158058e-06,0.4810704960835509,0
Nishant Dwivedi,insider,0.030979484,2.048616712158058e-06,0.4810704960835509,0
Deep Karani,insider,0.030979484,2.048616712158058e-06,0.4810704960835509,0
Sanjay Choubey,insider,0.030979484,2.048616712158058e-06,0.4810704960835509,0
Jeffrey Fischer,insider,0.030979484,2.048616712158058e-06,0.4810704960835509,0
Graziella Neuveglise,insider,0.030979484,2.048616712158058e-06,0.4810704960835509,0
Vikas Pandey,insider,0.030979484,2.048616712158058e-06,0.4810704960835509,0
Surya Pawan Kumar Vadapalli,insider,0.030979484,2.048616712158058e-06,0.4810704960835509,0
Richard Jefts,insider,0.030979484,2.048616712158058e-06,0.4810704960835509,0
Abhinesh Jain,insider,0.030979484,2.048616712158058e-06,0.4810704960835509,0
Ajit Dayanand Nayak,insider,0.030979484,2.048616712158058e-06,0.4810704960835509,0
Surya Duvvuri,insider,0.030979484,2.048616712158058e-06,0.4810704960835509,0
Laura Langdon,insider,0.030979484,2.048616712158058e-06,0.4810704960835509,0
Lalitha Subramanian,insider,0.030979484,2.048616712158058e-06,0.4810704960835509,0
Vijay Anand Guntur,insider,0.030979484,2.048616712158058e-06,0.4810704960835509,0
Mohammad Hamzeh,insider,0.030979484,2.048616712158058e-06,0.4810704960835509,0
Gajendra Pal Singh,insider,0.030979484,2.048616712158058e-06,0.4810704960835509,0
Shobha Chagam,insider,0.030979484,2.048616712158058e-06,0.4810704960835509,0
Kamalnayan Investment & Trading Private Limited,insider,0.030979484,2.048616712158058e-06,0.4810704960835509,0
Vikrant Dhawan,insider,0.030979484,2.048616712158058e-06,0.4810704960835509,0
Ewart Investments Limited,insider,0.030979484,2.048616712158058e-06,0.4810704960835509,0
Nidhi Grover,insider,0.030979484,2.048616712158058e-06,0.4810704960835509,0
SHASHIDHAR KRISHNAMURTHY,insider,0.030979484,2.048616712158058e-06,0.4810704960835509,0
ANKUR KUMAR GOYAL,insider,0.030979484,2.048616712158058e-06,0.4810704960835509,0
R Sindhu,insider,0.030979484,2.048616712158058e-06,0.4810704960835509,0
Chandra Shekar S N,insider,0.030979484,2.048616712158058e-06,0.4810704960835509,0
Nandita Nanda,insider,0.030979484,2.048616712158058e-06,0.4810704960835509,0
Leema Kuriyakku Tharakan,insider,0.030979484,2.048616712158058e-06,0.4810704960835509,0
Sanuber Grohe,insider,0.030979484,2.048616712158058e-06,0.4810704960835509,0
Sanjay Gupta,insider,0.030979484,2.048616712158058e-06,0.4810704960835509,0
RONIT DUTTA,insider,0.030979484,2.048616712158058e-06,0.4810704960835509,0
Pawan Kumar Danwar,insider,0.030979484,2.048616712158058e-06,0.4810704960835509,0
ANKIT NITIN ANJARIA,insider,0.030979484,2.048616712158058e-06,0.4810704960835509,0
Stephen Sanjay Desmond Emmanuel,insider,0.030979484,2.048616712158058e-06,0.4810704960835509,0
Ambeshwar Nath,insider,0.030979484,2.048616712158058e-06,0.4810704960835509,0
JSW Steel Employees Welfare Trust ? ESOP Plan 2016 A/c,insider,0.030979484,2.048616712158058e-06,0.4810704960835509,0
MAHESH ISRANI,insider,0.030979484,2.048616712158058e-06,0.4810704960835509,0
Jaya Lakshmi Ayyagari,insider,0.030979484,2.048616712158058e-06,0.4810704960835509,0
Sandep Jhawar,insider,0.030979484,2.048616712158058e-06,0.4810704960835509,0
Rahul Singh,insider,0.030979484,2.048616712158058e-06,0.4810704960835509,0
Jason Eichenholz,insider,0.030979484,2.048616712158058e-06,0.4810704960835509,0
Anubhav Mishra,insider,0.030979484,2.048616712158058e-06,0.4810704960835509,0
AJAY BAHL,insider,0.030979484,2.048616712158058e-06,0.4810704960835509,0
Rakesh Babu Gollapalli,insider,0.030979484,2.048616712158058e-06,0.4810704960835509,0
Sanlam Life Insurance Limited,insider,0.030979484,2.048616712158058e-06,0.4810704960835509,0
Vivek Dwivedi,insider,0.030979484,2.048616712158058e-06,0.4810704960835509,0
Sandeep Sarkar,insider,0.030979484,2.048616712158058e-06,0.4810704960835509,0
Shriram Iyer,insider,0.030979484,2.048616712158058e-06,0.4810704960835509,0
Ajit S Moodliar,insider,0.030979484,2.048616712158058e-06,0.4810704960835509,0
Anita Iyer,insider,0.030979484,2.048616712158058e-06,0.4810704960835509,0
SRIVATCHAN RAJARAMAN,insider,0.030979484,2.048616712158058e-06,0.4810704960835509,0
GAYATHIRI Sreekumar,insider,0.030979484,2.048616712158058e-06,0.4810704960835509,0
Ajay Kapoor,insider,0.030979484,2.048616712158058e-06,0.4810704960835509,0
JSW Steel Employees Welfare Trust ? OPJ ESOP Plan 2021 A/c,insider,0.030979484,2.048616712158058e-06,0.4810704960835509,0
Kiran Tappita,insider,0.030979484,2.048616712158058e-06,0.4810704960835509,0
Deepa Bajaj,insider,0.030979484,2.048616712158058e-06,0.4810704960835509,0
Bharat Puri,insider,0.030979484,2.048616712158058e-06,0.4810704960835509,0
SIVAKUMAR SIVASANKARAN,insider,0.030979484,2.048616712158058e-06,0.4810704960835509,0
DHANASEKARAN RADHAKRISHNAN,insider,0.030979484,2.048616712158058e-06,0.4810704960835509,0
R SRIVATSAN,insider,0.030979484,2.048616712158058e-06,0.4810704960835509,0
Balasubramanian Kalyan Kumar,insider,0.030979484,2.048616712158058e-06,0.4810704960835509,0
RAHUL SINGH,insider,0.030979484,2.048616712158058e-06,0.4810704960835509,0
Abhijit Chattopadhyay,insider,0.030979484,2.048616712158058e-06,0.4810704960835509,0
VIJAY ANAND GUNTUR,insider,0.030979484,2.048616712158058e-06,0.4810704960835509,0
Dalip Sachdeva,insider,0.030979484,2.048616712158058e-06,0.4810704960835509,0
Shelly Whitman,insider,0.030979484,2.048616712158058e-06,0.4810704960835509,0
Madhur Bajaj (A/c Kumud Neelima Family Trust),insider,0.030979484,2.048616712158058e-06,0.4810704960835509,0
Upendra Kohli,insider,0.030979484,2.048616712158058e-06,0.4810704960835509,0
John Van geel,insider,0.030979484,2.048616712158058e-06,0.4810704960835509,0
HCL Technologies Stock Options Trust,insider,0.030979484,2.048616712158058e-06,0.4810704960835509,0
Jamnalal Sons Private Limited,insider,0.030979484,2.048616712158058e-06,0.4810704960835509,0
Soeren Lorenzen,insider,0.030979484,2.048616712158058e-06,0.4810704960835509,0
AKHILESH GUPTA,insider,0.030979484,2.048616712158058e-06,0.4810704960835509,0
Sunil D'Souza,insider,0.030979484,2.048616712158058e-06,0.4810704960835509,0
Rishi Raj Paul,insider,0.030979484,2.048616712158058e-06,0.4810704960835509,0
Gavin Sheldon,insider,0.030979484,2.048616712158058e-06,0.4810704960835509,0
JSW Steel Employees Welfare Trust ? ESOP Plan 2026 A/c,insider,0.030979484,2.048616712158058e-06,0.4810704960835509,0
Alagappan Ramasamy,insider,0.030979484,2.048616712158058e-06,0.4810704960835509,0
Thierry Delaporte,insider,0.030979484,2.048616712158058e-06,0.4810704960835509,0
Rajivnayan Bajaj,insider,0.030979484,2.048616712158058e-06,0.4810704960835509,0
Ilamparithi Balakrishnan,insider,0.030979484,2.048616712158058e-06,0.4810704960835509,0
Ramachandran Sundararajan,insider,0.030979484,2.048616712158058e-06,0.4810704960835509,0
Vinayak Krishnan,insider,0.030979484,2.048616712158058e-06,0.4810704960835509,0
Kevin McGee,insider,0.030979484,2.048616712158058e-06,0.4810704960835509,0
Swadish Kulhalli,insider,0.030979484,2.048616712158058e-06,0.4810704960835509,0
CHIRAG R. SHAH,insider,0.030979484,2.048616712158058e-06,0.4810704960835509,0
JSW Steel Employees Welfare Trust ? JSWSL OPJ Samruddhi Plan 2021 A/c,insider,0.030979484,2.048616712158058e-06,0.4810704960835509,0
Abhijit Sarkar,insider,0.030979484,2.048616712158058e-06,0.4810704960835509,0
Anuradha Sethuraman,insider,0.030979484,2.048616712158058e-06,0.4810704960835509,0
Dario L Debarbieri,insider,0.030979484,2.048616712158058e-06,0.4810704960835509,0
JSW Steel Employees Welfare Trust ? ESOP Plan  2016 A/c,insider,0.030979484,2.048616712158058e-06,0.4810704960835509,0
Amisha Jain,insider,0.030979484,2.048616712158058e-06,0.4810704960835509,0
VIVEK KUMAR JASSAL,insider,0.030979484,2.048616712158058e-06,0.4810704960835509,0
JSW Steel Employees Welfare Trust ?  OPJ ESOP Plan 2021 A/c,insider,0.030979484,2.048616712158058e-06,0.4810704960835509,0
Nupur Shekhar,insider,0.030979484,2.048616712158058e-06,0.4810704960835509,0
Narayan S. A.,insider,0.030979484,2.048616712158058e-06,0.4810704960835509,0
Bela Parikh,insider,0.030979484,2.048616712158058e-06,0.4810704960835509,0
Brian Corona,insider,0.030979484,2.048616712158058e-06,0.4810704960835509,0
Saibal Basu,insider,0.030979484,2.048616712158058e-06,0.4810704960835509,0
EREZ ISRAELI,insider,0.030979484,2.048616712158058e-06,0.4810704960835509,0
RAJNIKANT A. SHAH,insider,0.030979484,2.048616712158058e-06,0.4810704960835509,0
YAYAVARAM SREENIVAS SRIKANTH,insider,0.030979484,2.048616712158058e-06,0.4810704960835509,0
Ritesh Talapatra,insider,0.030979484,2.048616712158058e-06,0.4810704960835509,0
Philippe Dintrans,insider,0.030979484,2.048616712158058e-06,0.4810704960835509,0
Mahak Garg,insider,0.030979484,2.048616712158058e-06,0.4810704960835509,0
Kumud Nimisha Family Trust,insider,0.030979484,2.048616712158058e-06,0.4810704960835509,0
ABHAY CHATURVEDI,insider,0.030979484,2.048616712158058e-06,0.4810704960835509,0
Amit Kalley,insider,0.030979484,2.048616712158058e-06,0.4810704960835509,0
Satish Nair,insider,0.030979484,2.048616712158058e-06,0.4810704960835509,0
Nirvaan Family Trust,insider,0.030979484,2.048616712158058e-06,0.4810704960835509,0
George Mansour,insider,0.030979484,2.048616712158058e-06,0.4810704960835509,0
David Dobrindt,insider,0.030979484,2.048616712158058e-06,0.4810704960835509,0
RAGHU RAMAN LAKSHMANAN,insider,0.030979484,2.048616712158058e-06,0.4810704960835509,0
Tricia Wetzel,insider,0.030979484,2.048616712158058e-06,0.4810704960835509,0
Shobha Agarwal,insider,0.030979484,2.048616712158058e-06,0.4810704960835509,0
David Wilson,insider,0.030979484,2.048616712158058e-06,0.4810704960835509,0
MESHACH SAMUEL PRADEEPRAJ MOSES,insider,0.030979484,2.048616712158058e-06,0.4810704960835509,0
Aparna Devi Jujjavarapu,insider,0.030979484,2.048616712158058e-06,0.4810704960835509,0
Srikant Godavarti,insider,0.030979484,2.048616712158058e-06,0.4810704960835509,0
Laura Nicholson,insider,0.030979484,2.048616712158058e-06,0.4810704960835509,0
Dave Chopra,insider,0.030979484,2.048616712158058e-06,0.4810704960835509,0
Shankar Gopalkrishnan,insider,0.030979484,2.048616712158058e-06,0.4810704960835509,0
Jo Debecker,insider,0.030979484,2.048616712158058e-06,0.4810704960835509,0
Shiv Nadar Foundation,insider,0.030979484,2.048616712158058e-06,0.4810704960835509,0
Abhinav Ghosh,insider,0.030979484,2.048616712158058e-06,0.4810704960835509,0
Kathy Fuertes,insider,0.030979484,2.048616712158058e-06,0.4810704960835509,0
BEJOY JOSEPH GEORGE,insider,0.030979484,2.048616712158058e-06,0.4810704960835509,0
Bhaskar Bhat,insider,0.030979484,2.048616712158058e-06,0.4810704960835509,0
SANJOY GHOSH,insider,0.030979484,2.048616712158058e-06,0.4810704960835509,0
Bejoy George,insider,0.030979484,2.048616712158058e-06,0.4810704960835509,0
Srinivas Pallia,insider,0.030979484,2.048616712158058e-06,0.4810704960835509,0
Pooja Kalani,insider,0.030979484,2.048616712158058e-06,0.4810704960835509,0
Sukhjeet Singh Malhotra,insider,0.030979484,2.048616712158058e-06,0.4810704960835509,0
Jamnagar Utilities & Power Private Limited,insider,0.030979484,2.048616712158058e-06,0.4810704960835509,0
SANJAY GUPTA,insider,0.030979484,2.048616712158058e-06,0.4810704960835509,0
Steven Lee Jeffries,insider,0.030979484,2.048616712158058e-06,0.4810704960835509,0
PATIL J D,insider,0.030979484,2.048616712158058e-06,0.4810704960835509,0
Erez Israeli,insider,0.030979484,2.048616712158058e-06,0.4810704960835509,0
Neeraj Kumar Jindal,insider,0.030979484,2.048616712158058e-06,0.4810704960835509,0
AMIT DAWRA,insider,0.030979484,2.048616712158058e-06,0.4810704960835509,0
Siba Prasad Satapathy,insider,0.030979484,2.048616712158058e-06,0.4810704960835509,0
Debajeet Das,insider,0.030979484,2.048616712158058e-06,0.4810704960835509,0
Thomas Mueller,insider,0.030979484,2.048616712158058e-06,0.4810704960835509,0
Shyam Sunder Enjeti,insider,0.030979484,2.048616712158058e-06,0.4810704960835509,0
Ajit Krishnankutty Kumar,insider,0.030979484,2.048616712158058e-06,0.4810704960835509,0
JSW Steel Employees Welfare Trust ? OPJ Samruddhi ESOP Plan 2021 A/c,insider,0.030979484,2.048616712158058e-06,0.4810704960835509,0
Sachin Bhatnagar,insider,0.030979484,2.048616712158058e-06,0.4810704960835509,0
JSW Steel Employees Welfare Trust ? JSWSL OPJ Samruddhi  Plan 2021 A/c,insider,0.030979484,2.048616712158058e-06,0.4810704960835509,0
Francois Nasser,insider,0.030979484,2.048616712158058e-06,0.4810704960835509,0
PUNEET MEHRA,insider,0.030979484,2.048616712158058e-06,0.4810704960835509,0
Zash Traders,insider,0.030979484,2.048616712158058e-06,0.4810704960835509,0
P S KAPOOR,insider,0.030979484,2.048616712158058e-06,0.4810704960835509,0
Marcelo Cabane,insider,0.030979484,2.048616712158058e-06,0.4810704960835509,0
KASHISH AGGARWAL,insider,0.030979484,2.048616712158058e-06,0.4810704960835509,0
GAURAV MAHESHWARI,insider,0.030979484,2.048616712158058e-06,0.4810704960835509,0
Vaishali Vyas,insider,0.030979484,2.048616712158058e-06,0.4810704960835509,0
Deepak S.�������������������������������������� ����������������������������������������,insider,0.030979484,2.048616712158058e-06,0.4810704960835509,0
Nagaraj Shankar Bhogshetty,insider,0.030979484,2.048616712158058e-06,0.4810704960835509,0
Steven Koliha,insider,0.030979484,2.048616712158058e-06,0.4810704960835509,0
JSW Steel Employees Welfare Trust ?  ESOP  Plan 2016 A/c,insider,0.030979484,2.048616712158058e-06,0.4810704960835509,0
Ashish Gupta,insider,0.030979484,2.048616712158058e-06,0.4810704960835509,0
Vikas Sharma,insider,0.030979484,2.048616712158058e-06,0.4810704960835509,0
Anand Swaminathan,insider,0.030979484,2.048616712158058e-06,0.4810704960835509,0
Sunil Senan,insider,0.030979484,2.048616712158058e-06,0.4810704960835509,0
Jyotsna Singh,insider,0.030979484,2.048616712158058e-06,0.4810704960835509,0
ANKUSH SARAFF,insider,0.030979484,2.048616712158058e-06,0.4810704960835509,0
VIJAYAKUMAR CHINNASWAMY,insider,0.030979484,2.048616712158058e-06,0.4810704960835509,0
C Swaminathan,insider,0.030979484,2.048616712158058e-06,0.4810704960835509,0
GERARD ANTHUAN FRANCIS IRUDAYARAJ,insider,0.030979484,2.048616712158058e-06,0.4810704960835509,0
Nagendra Bandaru,insider,0.030979484,2.048616712158058e-06,0.4810704960835509,0
Ruchi Sadhana,insider,0.030979484,2.048616712158058e-06,0.4810704960835509,0
Satyaki Banerjee,insider,0.030979484,2.048616712158058e-06,0.4810704960835509,0
Vineet Vedprakash Sood,insider,0.030979484,2.048616712158058e-06,0.4810704960835509,0
Pierre Bruno,insider,0.030979484,2.048616712158058e-06,0.4810704960835509,0
ESWAR SUBRAMANIAN,insider,0.030979484,2.048616712158058e-06,0.4810704960835509,0
Ritesh Khanna,insider,0.030979484,2.048616712158058e-06,0.4810704960835509,0
Narendra Prabhakar Pitre,insider,0.030979484,2.048616712158058e-06,0.4810704960835509,0
N. Murali Krishna,insider,0.030979484,2.048616712158058e-06,0.4810704960835509,0
Keerthi Kandlikar,insider,0.030979484,2.048616712158058e-06,0.4810704960835509,0
Santosh Mokashi,insider,0.030979484,2.048616712158058e-06,0.4810704960835509,0
JAGADESHWAR GATTU,insider,0.030979484,2.048616712158058e-06,0.4810704960835509,0
Tata Industries Limited,insider,0.030979484,2.048616712158058e-06,0.4810704960835509,0
HDFC ERGO General Insurance Company Limited,insider,0.030979484,2.048616712158058e-06,0.4810704960835509,0
KALYAN KUMAR BALASUBRAMANIAN,insider,0.030979484,2.048616712158058e-06,0.4810704960835509,0
SREEDHARAN M O,insider,0.030979484,2.048616712158058e-06,0.4810704960835509,0
SRAVANKUMAR Y V S,insider,0.030979484,2.048616712158058e-06,0.4810704960835509,0
Niraj Bajaj,insider,0.030979484,2.048616712158058e-06,0.4810704960835509,0
Subodh Kumar Jain,insider,0.030979484,2.048616712158058e-06,0.4810704960835509,0
AJIT KRISHNAKUMAR,insider,0.030979484,2.048616712158058e-06,0.4810704960835509,0
VIKAS Sharma,insider,0.030979484,2.048616712158058e-06,0.4810704960835509,0
Vinay Firake,insider,0.030979484,2.048616712158058e-06,0.4810704960835509,0
Sujith Kumar,insider,0.030979484,2.048616712158058e-06,0.4810704960835509,0
Goutam Rungta,insider,0.030979484,2.048616712158058e-06,0.4810704960835509,0
NIRMALA DATLA,insider,0.030979484,2.048616712158058e-06,0.4810704960835509,0
Maruthi Prabhakar Appana,insider,0.030979484,2.048616712158058e-06,0.4810704960835509,0
Ratna Krishnakumar,insider,0.030979484,2.048616712158058e-06,0.4810704960835509,0
Gautam Malik,insider,0.030979484,2.048616712158058e-06,0.4810704960835509,0
Atul Kapur,insider,0.030979484,2.048616712158058e-06,0.4810704960835509,0
SHANTANU BARUAH,insider,0.030979484,2.048616712158058e-06,0.4810704960835509,0
Shagun Rungta,insider,0.030979484,2.048616712158058e-06,0.4810704960835509,0
ARVIND KAPIL,insider,0.030979484,2.048616712158058e-06,0.4810704960835509,0
JAIMIN BHATT,insider,0.030979484,2.048616712158058e-06,0.4810704960835509,0
Kapil Gupta,insider,0.030979484,2.048616712158058e-06,0.4810704960835509,0
MADHUMIT SINGH DIXIT,insider,0.030979484,2.048616712158058e-06,0.4810704960835509,0
AJIT KRISHNANKUTTY KUMAR,insider,0.030979484,2.048616712158058e-06,0.4810704960835509,0
Anuj Kumar Kumar,insider,0.030979484,2.048616712158058e-06,0.4810704960835509,0
Harmeet Chauhan,insider,0.030979484,2.048616712158058e-06,0.4810704960835509,0
Benjamin Simon,insider,0.030979484,2.048616712158058e-06,0.4810704960835509,0
Rinkoo Somani,insider,0.030979484,2.048616712158058e-06,0.4810704960835509,0
Tata Investment Corporation Limited,insider,0.030979484,2.048616712158058e-06,0.4810704960835509,0
Norbert Mark Czetenyi,insider,0.030979484,2.048616712158058e-06,0.4810704960835509,0
Praveen Seth,insider,0.030979484,2.048616712158058e-06,0.4810704960835509,0
RAVI YEDDANAPUDI,insider,0.030979484,2.048616712158058e-06,0.4810704960835509,0
Mahesh  Chandra,insider,0.030979484,2.048616712158058e-06,0.4810704960835509,0
Ponmohan Krishna,insider,0.030979484,2.048616712158058e-06,0.4810704960835509,0
Alan Francis John Flower,insider,0.030979484,2.048616712158058e-06,0.4810704960835509,0
BHARTI AIRTEL EMPLOYEES WELFARE TRUST,insider,0.030979484,2.048616712158058e-06,0.4810704960835509,0
Dhruv Anand,insider,0.030979484,2.048616712158058e-06,0.4810704960835509,0
Santosh Haldankar,insider,0.030979484,2.048616712158058e-06,0.4810704960835509,0
Dakshina Murthy Chunduri,insider,0.030979484,2.048616712158058e-06,0.4810704960835509,0
RAVISHANKAR SETHURAMAN,insider,0.030979484,2.048616712158058e-06,0.4810704960835509,0
RAHUL MOHTA,insider,0.030979484,2.048616712158058e-06,0.4810704960835509,0
Sandeep Kumar Saxena,insider,0.030979484,2.048616712158058e-06,0.4810704960835509,0
Manish Kejriwal,insider,0.030979484,2.048616712158058e-06,0.4810704960835509,0
AMBIKA NATARAJAN,insider,0.030979484,2.048616712158058e-06,0.4810704960835509,0
Michael George Horton,insider,0.030979484,2.048616712158058e-06,0.4810704960835509,0
Neeraj Purandare,insider,0.030979484,2.048616712158058e-06,0.4810704960835509,0
Narayan Surajnarayan,insider,0.030979484,2.048616712158058e-06,0.4810704960835509,0
Opinder Sardana,insider,0.030979484,2.048616712158058e-06,0.4810704960835509,0
SAKET PADIA,insider,0.030979484,2.048616712158058e-06,0.4810704960835509,0
Deepak Parija,insider,0.030979484,2.048616712158058e-06,0.4810704960835509,0
Seetharam NP,insider,0.030979484,2.048616712158058e-06,0.4810704960835509,0
Azim hasham premji,insider,0.030979484,2.048616712158058e-06,0.4810704960835509,0
Jill Ann Kouri,insider,0.030979484,2.048616712158058e-06,0.4810704960835509,0
Apoorv Iyer,insider,0.030979484,2.048616712158058e-06,0.4810704960835509,0
BALAMURUGAN RAMASAMY,insider,0.030979484,2.048616712158058e-06,0.4810704960835509,0
Vrunda Bhaskar,insider,0.030979484,2.048616712158058e-06,0.4810704960835509,0
Abhay Chaturvedi,insider,0.030979484,2.048616712158058e-06,0.4810704960835509,0
Suresh Ramasubbu,insider,0.030979484,2.048616712158058e-06,0.4810704960835509,0
Niraj Kumar Nirbhay Narayan Das,insider,0.030979484,2.048616712158058e-06,0.4810704960835509,0
Vinutha M S Rao,insider,0.030979484,2.048616712158058e-06,0.4810704960835509,0
RAJEEV JAIN,insider,0.030979484,2.048616712158058e-06,0.4810704960835509,0
Martha King,insider,0.030979484,2.048616712158058e-06,0.4810704960835509,0
Subba Inta,insider,0.030979484,2.048616712158058e-06,0.4810704960835509,0
Prasad Joshi,insider,0.030979484,2.048616712158058e-06,0.4810704960835509,0
Kapil Ravindrakumar Nanchahal,insider,0.030979484,2.048616712158058e-06,0.4810704960835509,0
Janak Desai,insider,0.030979484,2.048616712158058e-06,0.4810704960835509,0
Azim hasham premji PARTNER REPRESENTING HASHAM TRADERS,insider,0.030979484,2.048616712158058e-06,0.4810704960835509,0
MANISH ANAND,insider,0.030979484,2.048616712158058e-06,0.4810704960835509,0
Aryaman Family Trust,insider,0.030979484,2.048616712158058e-06,0.4810704960835509,0
Prateek Aggarwal,insider,0.030979484,2.048616712158058e-06,0.4810704960835509,0
Manish Arvind Kale,insider,0.030979484,2.048616712158058e-06,0.4810704960835509,0
ANIL GANJOO,insider,0.030979484,2.048616712158058e-06,0.4810704960835509,0
JSW Steel Employees Welfare Trust ? ESOP Plan 2016  A/c,insider,0.030979484,2.048616712158058e-06,0.4810704960835509,0
SRIMATHI SHIVASHANKAR,insider,0.030979484,2.048616712158058e-06,0.4810704960835509,0
Ritesh Tyagi,insider,0.030979484,2.048616712158058e-06,0.4810704960835509,0
Rene Mulder,insider,0.030979484,2.048616712158058e-06,0.4810704960835509,0
Puneet Kapoor,insider,0.030979484,2.048616712158058e-06,0.4810704960835509,0
Bajaj Finserv ESOP Trust,insider,0.030979484,2.048616712158058e-06,0.4810704960835509,0
Aryaman Family Trust Manish Kejriwal,insider,0.030979484,2.048616712158058e-06,0.4810704960835509,0
Sreekumar Kaippillyil Unnikrishnan,insider,0.030979484,2.048616712158058e-06,0.4810704960835509,0
Sheetal Bajaj,insider,0.030979484,2.048616712158058e-06,0.4810704960835509,0
Appana Maruthi Prabhakar,insider,0.030979484,2.048616712158058e-06,0.4810704960835509,0
Rajiv Puri,insider,0.030979484,2.048616712158058e-06,0.4810704960835509,0
Kashmira Patel,insider,0.030979484,2.048616712158058e-06,0.4810704960835509,0
Stephanie Trautman,insider,0.030979484,2.048616712158058e-06,0.4810704960835509,0
ANIRUDDHA DILEEP JOSHI,insider,0.030979484,2.048616712158058e-06,0.4810704960835509,0
Sri Sai Raghava Saran Yellapantula,insider,0.030979484,2.048616712158058e-06,0.4810704960835509,0
Jeremy Leach,insider,0.030979484,2.048616712158058e-06,0.4810704960835509,0
Debasis Sarkar,insider,0.030979484,2.048616712158058e-06,0.4810704960835509,0
SHIV KUMAR WALIA,insider,0.030979484,2.048616712158058e-06,0.4810704960835509,0
Harpreet Arora,insider,0.030979484,2.048616712158058e-06,0.4810704960835509,0
HCL Corporation Private Limited,insider,0.030979484,2.048616712158058e-06,0.4810704960835509,0
Michael T Palmer,insider,0.030979484,2.048616712158058e-06,0.4810704960835509,0
Marc Kikuchi,insider,0.030979484,2.048616712158058e-06,0.4810704960835509,0
Voltas Limited,insider,0.030979484,2.048616712158058e-06,0.4810704960835509,0
Shanti Family Trust.,insider,0.030979484,2.048616712158058e-06,0.4810704960835509,0
Prabhuraman Sayanam,insider,0.030979484,2.048616712158058e-06,0.4810704960835509,0
Sujatha Mohan,insider,0.030979484,2.048616712158058e-06,0.4810704960835509,0
Jasmeet Singh,insider,0.030979484,2.048616712158058e-06,0.4810704960835509,0
Vinodh Sunderarajan,insider,0.030979484,2.048616712158058e-06,0.4810704960835509,0
ATUL KUMAR JAIN,insider,0.030979484,2.048616712158058e-06,0.4810704960835509,0
Bachhraj and Company Private Limited,insider,0.030979484,2.048616712158058e-06,0.4810704960835509,0
Monu Kurien Mathew,insider,0.030979484,2.048616712158058e-06,0.4810704960835509,0
Carlos Venda,insider,0.030979484,2.048616712158058e-06,0.4810704960835509,0
JSW Steel Employees Welfare Trust ?  OPJ ESOP  Plan 2021 A/c,insider,0.030979484,2.048616712158058e-06,0.4810704960835509,0
Sonal Ramrakhiani,insider,0.030979484,2.048616712158058e-06,0.4810704960835509,0
Rajasekhar Ramadas,insider,0.030979484,2.048616712158058e-06,0.4810704960835509,0
Sreedharan Mo,insider,0.030979484,2.048616712158058e-06,0.4810704960835509,0
RAJESH KRISHNAMURTHY IYER,insider,0.030979484,2.048616712158058e-06,0.4810704960835509,0
PANKAJ TAGRA,insider,0.030979484,2.048616712158058e-06,0.4810704960835509,0
LOPA RUPAREL,insider,0.030979484,2.048616712158058e-06,0.4810704960835509,0
Senthil Kumar V,insider,0.030979484,2.048616712158058e-06,0.4810704960835509,0
Bruno Schenk,insider,0.030979484,2.048616712158058e-06,0.4810704960835509,0
Subha Tatavarti,insider,0.030979484,2.048616712158058e-06,0.4810704960835509,0
Barath Narayanan S S,insider,0.030979484,2.048616712158058e-06,0.4810704960835509,0
Srinivasan Rajamani,insider,0.030979484,2.048616712158058e-06,0.4810704960835509,0
Sandesh Ramesh Prabhu,insider,0.030979484,2.048616712158058e-06,0.4810704960835509,0
RAMADHYANI RENDU CHINTALA,insider,0.030979484,2.048616712158058e-06,0.4810704960835509,0
Rajesh Sadasivan,insider,0.030979484,2.048616712158058e-06,0.4810704960835509,0
Sanjay Kamboj,insider,0.030979484,2.048616712158058e-06,0.4810704960835509,0
Somanath Ballari Sangappa,insider,0.030979484,2.048616712158058e-06,0.4810704960835509,0
IMRANKHAN BABU MAZHAR ALIKHAN,insider,0.030979484,2.048616712158058e-06,0.4810704960835509,0
Nitin Satish Datar,insider,0.030979484,2.048616712158058e-06,0.4810704960835509,0
Nirav Trust,insider,0.030979484,2.048616712158058e-06,0.4810704960835509,0
RANGARAJAN VIJAYARAGHAVAN,insider,0.030979484,2.048616712158058e-06,0.4810704960835509,0
Cynthia Gomes,insider,0.030979484,2.048616712158058e-06,0.4810704960835509,0
Jennifer Walker,insider,0.030979484,2.048616712158058e-06,0.4810704960835509,0
Bajaj Allianz General Insurance Co. Ltd.,insider,0.030979484,2.048616712158058e-06,0.4810704960835509,0
Madhur Bajaj,insider,0.030979484,2.048616712158058e-06,0.4810704960835509,0
Michael Neff,insider,0.030979484,2.048616712158058e-06,0.4810704960835509,0
Kenneth R Kerrigan,insider,0.030979484,2.048616712158058e-06,0.4810704960835509,0
Gaurang Shah,insider,0.030979484,2.048616712158058e-06,0.4810704960835509,0
Sundar Rajan,insider,0.030979484,2.048616712158058e-06,0.4810704960835509,0
NAVEEN KUMAR MALIK,insider,0.030979484,2.048616712158058e-06,0.4810704960835509,0
Prakash Nayak,insider,0.030979484,2.048616712158058e-06,0.4810704960835509,0
Srinivasaa Honnadevipura Govindagowda,insider,0.030979484,2.048616712158058e-06,0.4810704960835509,0
MULBAGAL VIJAYA KRISHNA,insider,0.030979484,2.048616712158058e-06,0.4810704960835509,0
Sunaina Kejriwal,insider,0.030979484,2.048616712158058e-06,0.4810704960835509,0
Sonal Shah,insider,0.030979484,2.048616712158058e-06,0.4810704960835509,0
Vishal Goyal,insider,0.030979484,2.048616712158058e-06,0.4810704960835509,0
Harsh Gupta,insider,0.030979484,2.048616712158058e-06,0.4810704960835509,0
Eddie Woods,insider,0.030979484,2.048616712158058e-06,0.4810704960835509,0
Hariprasad Shetty G,insider,0.030979484,2.048616712158058e-06,0.4810704960835509,0
SIVAKUMAR GOPALAKRISHNAN,insider,0.030979484,2.048616712158058e-06,0.4810704960835509,0
KEDAR NARAYAN BHILEGAONKAR,insider,0.030979484,2.048616712158058e-06,0.4810704960835509,0
N. CHANDRASEKARAN,insider,0.030979484,2.048616712158058e-06,0.4810704960835509,0
Rajeev Kumar,insider,0.030979484,2.048616712158058e-06,0.4810704960835509,0
Tuhin Bhattacharya,insider,0.030979484,2.048616712158058e-06,0.4810704960835509,0
Raghu Raman Lakshmanan,insider,0.030979484,2.048616712158058e-06,0.4810704960835509,0
Sairam Subramanian,insider,0.030979484,2.048616712158058e-06,0.4810704960835509,0
Amit Jagdhari,insider,0.030979484,2.048616712158058e-06,0.4810704960835509,0
Dashrath Singh Negi,insider,0.030979484,2.048616712158058e-06,0.4810704960835509,0
Ramaprasad Anantha Prasad,insider,0.030979484,2.048616712158058e-06,0.4810704960835509,0
Neeraj Marwaha,insider,0.030979484,2.048616712158058e-06,0.4810704960835509,0
Rajath Narayan,insider,0.030979484,2.048616712158058e-06,0.4810704960835509,0
Venu Pemmaraju,insider,0.030979484,2.048616712158058e-06,0.4810704960835509,0
Bal Mukund Shukla,insider,0.030979484,2.048616712158058e-06,0.4810704960835509,0
JSW Steel Employees Welfare Trust ?  ESOP Plan 2016 A/c,insider,0.030979484,2.048616712158058e-06,0.4810704960835509,0
Sukanta Kumar Acharya,insider,0.030979484,2.048616712158058e-06,0.4810704960835509,0
Milan Kalawadia,insider,0.030979484,2.048616712158058e-06,0.4810704960835509,0
Ravi Shankar,insider,0.030979484,2.048616712158058e-06,0.4810704960835509,0
Bajaj Allianz Life Insurance Co. Ltd.,insider,0.030979484,2.048616712158058e-06,0.4810704960835509,0
Vinay Bhanot,insider,0.030979484,2.048616712158058e-06,0.4810704960835509,0
Meshach Samuel Pradeepraj Moses,insider,0.030979484,2.048616712158058e-06,0.4810704960835509,0
AMIT SINHA,insider,0.030979484,2.048616712158058e-06,0.4810704960835509,0
ABHISHEK MUKHERJEE,insider,0.030979484,2.048616712158058e-06,0.4810704960835509,0
Juan Carlos Alvarez,insider,0.030979484,2.048616712158058e-06,0.4810704960835509,0
Kevin Mcgee,insider,0.030979484,2.048616712158058e-06,0.4810704960835509,0
Srivathsa G,insider,0.030979484,2.048616712158058e-06,0.4810704960835509,0
Priti Gupta,insider,0.030979484,2.048616712158058e-06,0.4810704960835509,0
Sorabh Singhal,insider,0.030979484,2.048616712158058e-06,0.4810704960835509,0
Dinesh Chahlia,insider,0.030979484,2.048616712158058e-06,0.4810704960835509,0
Bajaj Sevashram Private Limited,insider,0.030979484,2.048616712158058e-06,0.4810704960835509,0
Sumithra Ranganathan,insider,0.030979484,2.048616712158058e-06,0.4810704960835509,0
Vadiraj Shesharaj Guttal,insider,0.030979484,2.048616712158058e-06,0.4810704960835509,0
Shiv Kumar Walia,insider,0.030979484,2.048616712158058e-06,0.4810704960835509,0
Rahul Securities Private Limited,insider,0.030979484,2.048616712158058e-06,0.4810704960835509,0
Preeti Khosla,insider,0.030979484,2.048616712158058e-06,0.4810704960835509,0
Bachhraj & Company Private Limited,insider,0.030979484,2.048616712158058e-06,0.4810704960835509,0
Katherine Maloney,insider,0.030979484,2.048616712158058e-06,0.4810704960835509,0
JSW Steel Employees Welfare Trust- ESOP Plan 2016 A/c,insider,0.030979484,2.048616712158058e-06,0.4810704960835509,0
Krishna Kowndinya,insider,0.030979484,2.048616712158058e-06,0.4810704960835509,0
Badri Srinivasan,insider,0.030979484,2.048616712158058e-06,0.4810704960835509,0
PAARTH GUPTA,insider,0.030979484,2.048616712158058e-06,0.4810704960835509,0
DHRUV KOHLI,insider,0.030979484,2.048616712158058e-06,0.4810704960835509,0
Norbert Josef Spinner,insider,0.030979484,2.048616712158058e-06,0.4810704960835509,0
CHAKRAPANI VENKATACHARI,insider,0.030979484,2.048616712158058e-06,0.4810704960835509,0
Ashish Raina,insider,0.030979484,2.048616712158058e-06,0.4810704960835509,0
Gandhi Ramaswamy,insider,0.030979484,2.048616712158058e-06,0.4810704960835509,0
Bajaj Holdings & Investment Limited,insider,0.030979484,2.048616712158058e-06,0.4810704960835509,0
Infosys Employee Benefits Trust,insider,0.030979484,2.048616712158058e-06,0.4810704960835509,0
Vinayak Krishan,insider,0.030979484,2.048616712158058e-06,0.4810704960835509,0
NEETHI ROHIT,insider,0.030979484,2.048616712158058e-06,0.4810704960835509,0
Sidharth Mishra,insider,0.030979484,2.048616712158058e-06,0.4810704960835509,0
Ayut Manubhai Patel,insider,0.030979484,2.048616712158058e-06,0.4810704960835509,0
DIVYA SOOD,insider,0.030979484,2.048616712158058e-06,0.4810704960835509,0
Ashiss Kumar Dash,insider,0.030979484,2.048616712158058e-06,0.4810704960835509,0
Late Sunaina Kejriwal,insider,0.030979484,2.048616712158058e-06,0.4810704960835509,0
Sachin Sudhir Kamat,insider,0.030979484,2.048616712158058e-06,0.4810704960835509,0
Ajay Chander,insider,0.030979484,2.048616712158058e-06,0.4810704960835509,0
TAJESHWAR SINGH,insider,0.030979484,2.048616712158058e-06,0.4810704960835509,0
ZULFIA NAFEES,insider,0.030979484,2.048616712158058e-06,0.4810704960835509,0
Vittal Devarajan,insider,0.030979484,2.048616712158058e-06,0.4810704960835509,0
Parag Jain,insider,0.030979484,2.048616712158058e-06,0.4810704960835509,0
RAJ KUMAR WALIA,insider,0.030979484,2.048616712158058e-06,0.4810704960835509,0
Arun Anand,insider,0.030979484,2.048616712158058e-06,0.4810704960835509,0
Harekrishna Rajagopalachar Sadarahalli,insider,0.030979484,2.048616712158058e-06,0.4810704960835509,0
Rajnesh Avtar,insider,0.030979484,2.048616712158058e-06,0.4810704960835509,0
Fernando Navarro,insider,0.030979484,2.048616712158058e-06,0.4810704960835509,0
Tricia N Wetzel,insider,0.030979484,2.048616712158058e-06,0.4810704960835509,0
Dennis Kantilal Gada,insider,0.030979484,2.048616712158058e-06,0.4810704960835509,0
Nitin Sood,insider,0.030979484,2.048616712158058e-06,0.4810704960835509,0
RAJDEEP SIKAND,insider,0.030979484,2.048616712158058e-06,0.4810704960835509,0
Azim premj trust,insider,0.030979484,2.048616712158058e-06,0.4810704960835509,0
Ruchir Budhwar,insider,0.030979484,2.048616712158058e-06,0.4810704960835509,0
Anand Santhanam,insider,0.030979484,2.048616712158058e-06,0.4810704960835509,0
SANDEEP BANSAL,insider,0.030979484,2.048616712158058e-06,0.4810704960835509,0
Advaitesha Birla,insider,0.030979484,2.048616712158058e-06,0.4810704960835509,0
SUNDER T,insider,0.030979484,2.048616712158058e-06,0.4810704960835509,0
Sadagopan S,insider,0.030979484,2.048616712158058e-06,0.4810704960835509,0
AJAYKUMAR SREEHARI CHAVA,insider,0.030979484,2.048616712158058e-06,0.4810704960835509,0
AUGUSTINE S QUADROS,insider,0.030979484,2.048616712158058e-06,0.4810704960835509,0
Dipak Gupta,insider,0.030979484,2.048616712158058e-06,0.4810704960835509,0
ANANTH VOKKALIGA SUBRAMANYA,insider,0.030979484,2.048616712158058e-06,0.4810704960835509,0
Ritesh Kumar Mangal,insider,0.030979484,2.048616712158058e-06,0.4810704960835509,0
Anshul Verma,insider,0.030979484,2.048616712158058e-06,0.4810704960835509,0
VINEET VEDPRAKASH SOOD,insider,0.030979484,2.048616712158058e-06,0.4810704960835509,0
Anubhav Ashok Mehrotra,insider,0.030979484,2.048616712158058e-06,0.4810704960835509,0
Malay Joshi,insider,0.030979484,2.048616712158058e-06,0.4810704960835509,0
Vineet Sood,insider,0.030979484,2.048616712158058e-06,0.4810704960835509,0
Karan Singh,insider,0.030979484,2.048616712158058e-06,0.4810704960835509,0
Arvind Ravishunkar,insider,0.030979484,2.048616712158058e-06,0.4810704960835509,0
Rishabh Khemka,insider,0.030979484,2.048616712158058e-06,0.4810704960835509,0
Nasir Khan,insider,0.030979484,2.048616712158058e-06,0.4810704960835509,0
Sourav S Banerjee,insider,0.030979484,2.048616712158058e-06,0.4810704960835509,0
Sarita Prakash,insider,0.030979484,2.048616712158058e-06,0.4810704960835509,0
PARAB A V,insider,0.030979484,2.048616712158058e-06,0.4810704960835509,0
Venkattu Srinivasan,insider,0.030979484,2.048616712158058e-06,0.4810704960835509,0
HIMANSHU VERMA,insider,0.030979484,2.048616712158058e-06,0.4810704960835509,0
Amit Dhoot,insider,0.030979484,2.048616712158058e-06,0.4810704960835509,0
Rajeev Nanda,insider,0.030979484,2.048616712158058e-06,0.4810704960835509,0
VISHAL GUPTA,insider,0.030979484,2.048616712158058e-06,0.4810704960835509,0
Vijayakumar Chinnaswamy,insider,0.030979484,2.048616712158058e-06,0.4810704960835509,0
PRAFUL JAIN,insider,0.030979484,2.048616712158058e-06,0.4810704960835509,0
AMIT GUPTA,insider,0.030979484,2.048616712158058e-06,0.4810704960835509,0
Shekhar Holdings Private Limited,insider,0.030979484,2.048616712158058e-06,0.4810704960835509,0
SUMIT SEHGAL,insider,0.030979484,2.048616712158058e-06,0.4810704960835509,0
Yves Antoine Brun,insider,0.030979484,2.048616712158058e-06,0.4810704960835509,0
MUNISH GUPTA,insider,0.030979484,2.048616712158058e-06,0.4810704960835509,0
Richard Joseph Jefts,insider,0.030979484,2.048616712158058e-06,0.4810704960835509,0
Gunjan Saxena,insider,0.030979484,2.048616712158058e-06,0.4810704960835509,0
ANURADHA KHOSLA,insider,0.030979484,2.048616712158058e-06,0.4810704960835509,0
KALYANARAMAN K,insider,0.030979484,2.048616712158058e-06,0.4810704960835509,0
Sujata Mishra,insider,0.030979484,2.048616712158058e-06,0.4810704960835509,0
Ananth Vokkaliga Subramanya,insider,0.030979484,2.048616712158058e-06,0.4810704960835509,0
Sharad Solanki,insider,0.030979484,2.048616712158058e-06,0.4810704960835509,0
Vikram Meghal,insider,0.030979484,2.048616712158058e-06,0.4810704960835509,0
Prafull Verma,insider,0.030979484,2.048616712158058e-06,0.4810704960835509,0
Padma Sanzgiri,insider,0.030979484,2.048616712158058e-06,0.4810704960835509,0
Prazim Traders,insider,0.030979484,2.048616712158058e-06,0.4810704960835509,0
RAVI KUMAR CHIRUGUDU,insider,0.030979484,2.048616712158058e-06,0.4810704960835509,0
Anusha Jain,insider,0.030979484,2.048616712158058e-06,0.4810704960835509,0
Rajeshri Avtar,insider,0.030979484,2.048616712158058e-06,0.4810704960835509,0
Nicolas Parmaksizian,insider,0.030979484,2.048616712158058e-06,0.4810704960835509,0
Srinivasan Seshadri,insider,0.030979484,2.048616712158058e-06,0.4810704960835509,0
Saumya Danwar,insider,0.030979484,2.048616712158058e-06,0.4810704960835509,0
Mayank Nagar,insider,0.030979484,2.048616712158058e-06,0.4810704960835509,0
Vishal Talwar,insider,0.030979484,2.048616712158058e-06,0.4810704960835509,0
Vivek Ruikar,insider,0.030979484,2.048616712158058e-06,0.4810704960835509,0
DEVANATHAN DILIP KUMAR,insider,0.030979484,2.048616712158058e-06,0.4810704960835509,0
Maharashtra Scooters Limited,insider,0.030979484,2.048616712158058e-06,0.4810704960835509,0
Ravikiran Taire,insider,0.030979484,2.048616712158058e-06,0.4810704960835509,0
JSW Steel Employees Welfare Trust ?  JSWSL OPJ Samruddhi  Plan 2021 A/c,insider,0.030979484,2.048616712158058e-06,0.4810704960835509,0
B KALYAN KUMAR,insider,0.030979484,2.048616712158058e-06,0.4810704960835509,0
MANI NAGASUNDARAM,insider,0.030979484,2.048616712158058e-06,0.4810704960835509,0
Ashish Mishra,insider,0.030979484,2.048616712158058e-06,0.4810704960835509,0
Navin Chempakvilas Rammohan,insider,0.030979484,2.048616712158058e-06,0.4810704960835509,0
KVS Manian,insider,0.030979484,2.048616712158058e-06,0.4810704960835509,0
Kashmira Sureshchandra Patel,insider,0.030979484,2.048616712158058e-06,0.4810704960835509,0
Anis Chenchah,insider,0.030979484,2.048616712158058e-06,0.4810704960835509,0
Jagadeshwar Gattu,insider,0.030979484,2.048616712158058e-06,0.4810704960835509,0
Robert Mcdowell,insider,0.030979484,2.048616712158058e-06,0.4810704960835509,0
Lester Wai Lam,insider,0.030979484,2.048616712158058e-06,0.4810704960835509,0
Navpreet Kaur,insider,0.030979484,2.048616712158058e-06,0.4810704960835509,0
Raghavendra K A,insider,0.030979484,2.048616712158058e-06,0.4810704960835509,0
Nimisha Jaipuria,insider,0.030979484,2.048616712158058e-06,0.4810704960835509,0
Lesia Loots,insider,0.030979484,2.048616712158058e-06,0.4810704960835509,0
Narayanan Sankaranarayanan,insider,0.030979484,2.048616712158058e-06,0.4810704960835509,0
Tata Sons Private Limited,insider,0.030979484,2.048616712158058e-06,0.4810704960835509,0
AMRITA KUMAR,insider,0.030979484,2.048616712158058e-06,0.4810704960835509,0
Ramesh Maran��������������������������������������������������������������������������,insider,0.030979484,2.048616712158058e-06,0.4810704960835509,0
PRATEEK AGGARWAL,insider,0.030979484,2.048616712158058e-06,0.4810704960835509,0
Punit Gupta,insider,0.030979484,2.048616712158058e-06,0.4810704960835509,0
Raghavan V.S. Kidambi,insider,0.030979484,2.048616712158058e-06,0.4810704960835509,0
Frank Satterthwaite,insider,0.030979484,2.048616712158058e-06,0.4810704960835509,0
Manians Family Trust,insider,0.030979484,2.048616712158058e-06,0.4810704960835509,0
Anil Raibagi Madhav,insider,0.030979484,2.048616712158058e-06,0.4810704960835509,0
Narayan Vijay Sundaresan,insider,0.030979484,2.048616712158058e-06,0.4810704960835509,0
Bianca Ghose,insider,0.030979484,2.048616712158058e-06,0.4810704960835509,0
Ashish Kumar Gupta,insider,0.030979484,2.048616712158058e-06,0.4810704960835509,0
Rishab Family Trust Rajivnayan Bajaj,insider,0.030979484,2.048616712158058e-06,0.4810704960835509,0
Ayut Patel,insider,0.030979484,2.048616712158058e-06,0.4810704960835509,0
Oscar Gomes,insider,0.030979484,2.048616712158058e-06,0.4810704960835509,0
Gaurav Maheshwari,insider,0.030979484,2.048616712158058e-06,0.4810704960835509,0
B Kalyan Kumar,insider,0.030979484,2.048616712158058e-06,0.4810704960835509,0
Srimathi Shivashankar,insider,0.030979484,2.048616712158058e-06,0.4810704960835509,0
HAREKRISHNA RAJAGOPALACHAR SADARAHALLI,insider,0.030979484,2.048616712158058e-06,0.4810704960835509,0
Venugopal S Nair,insider,0.030979484,2.048616712158058e-06,0.4810704960835509,0
Brahma Prakash Pandey,insider,0.030979484,2.048616712158058e-06,0.4810704960835509,0
Michael Seiger,insider,0.030979484,2.048616712158058e-06,0.4810704960835509,0
JSW Steel Employees Welfare Trust ? JSWSL OPJ ESOP Plan 2021 A/c,insider,0.030979484,2.048616712158058e-06,0.4810704960835509,0
MANDEEP JOLLY,insider,0.030979484,2.048616712158058e-06,0.4810704960835509,0
Sourav S. Banerjee,insider,0.030979484,2.048616712158058e-06,0.4810704960835509,0
Shivkaran Trust,insider,0.030979484,2.048616712158058e-06,0.4810704960835509,0
Bajaj Finserv Limited,insider,0.030979484,2.048616712158058e-06,0.4810704960835509,0
Mridul Rungta,insider,0.030979484,2.048616712158058e-06,0.4810704960835509,0
Brij Disa Arnav Trust,insider,0.030979484,2.048616712158058e-06,0.4810704960835509,0
Rajesh Mehta,insider,0.030979484,2.048616712158058e-06,0.4810704960835509,0
ATUL GUPTA,insider,0.030979484,2.048616712158058e-06,0.4810704960835509,0
Abhishek Jain,insider,0.030979484,2.048616712158058e-06,0.4810704960835509,0
NIDHI VERMA,insider,0.030979484,2.048616712158058e-06,0.4810704960835509,0
Ravi Yeddanapudi,insider,0.030979484,2.048616712158058e-06,0.4810704960835509,0
Syed Farrukh Jalal,insider,0.030979484,2.048616712158058e-06,0.4810704960835509,0
Pankaj Gupta,insider,0.030979484,2.048616712158058e-06,0.4810704960835509,0
Masayuki Nakayama,insider,0.030979484,2.048616712158058e-06,0.4810704960835509,0
JSW Steel Employees Welfare Trust ? JSWSL OPJ Samruddhi Plan  2021 A/c,insider,0.030979484,2.048616712158058e-06,0.4810704960835509,0
Komal Kumar Jain,insider,0.030979484,2.048616712158058e-06,0.4810704960835509,0
Smitha  Upadhyaya,insider,0.030979484,2.048616712158058e-06,0.4810704960835509,0
Brian Leong,insider,0.030979484,2.048616712158058e-06,0.4810704960835509,0
Venkateshwaran Ananthakrishnan,insider,0.030979484,2.048616712158058e-06,0.4810704960835509,0
Kavita Patki,insider,0.030979484,2.048616712158058e-06,0.4810704960835509,0
Augustine Quadros,insider,0.030979484,2.048616712158058e-06,0.4810704960835509,0
PRASUN ROY BARMAN,insider,0.030979484,2.048616712158058e-06,0.4810704960835509,0
Snehal Rembalkar,insider,0.030979484,2.048616712158058e-06,0.4810704960835509,0
Sriram Hariharan,insider,0.030979484,2.048616712158058e-06,0.4810704960835509,0
Aashima M Pathak,insider,0.030979484,2.048616712158058e-06,0.4810704960835509,0
NAVEEN MEHTA,insider,0.030979484,2.048616712158058e-06,0.4810704960835509,0
Vincent Colicchio,insider,0.030979484,2.048616712158058e-06,0.4810704960835509,0
Priyadarshi Ashok Das,insider,0.030979484,2.048616712158058e-06,0.4810704960835509,0
Puneet Kumar Mody,insider,0.030979484,2.048616712158058e-06,0.4810704960835509,0
Sandeep Saini,insider,0.030979484,2.048616712158058e-06,0.4810704960835509,0
JSW Steel Employees Welfare Trust ?  JSWSL OPJ Samruddhi Plan 2021 A/c,insider,0.030979484,2.048616712158058e-06,0.4810704960835509,0
Srivatchan.Rajaraman,insider,0.030979484,2.048616712158058e-06,0.4810704960835509,0
Kannan Amaresh,insider,0.030979484,2.048616712158058e-06,0.4810704960835509,0
Uli Braun,insider,0.030979484,2.048616712158058e-06,0.4810704960835509,0
Jeff Jorgenson,insider,0.030979484,2.048616712158058e-06,0.4810704960835509,0
Amit Jain,insider,0.030979484,2.048616712158058e-06,0.4810704960835509,0
Sriram Sundararajan,insider,0.030979484,2.048616712158058e-06,0.4810704960835509,0
Rajat Bhagat,insider,0.030979484,2.048616712158058e-06,0.4810704960835509,0
Andrew Groth,insider,0.030979484,2.048616712158058e-06,0.4810704960835509,0
Hema Prem,insider,0.030979484,2.048616712158058e-06,0.4810704960835509,0
Stephanie Darkoch����������������������������������������������������������������,insider,0.030979484,2.048616712158058e-06,0.4810704960835509,0
Tariq Azim Premji,insider,0.030979484,2.048616712158058e-06,0.4810704960835509,0
Deepak Parameswaran,insider,0.030979484,2.048616712158058e-06,0.4810704960835509,0
SWAPAN JOHRI,insider,0.030979484,2.048616712158058e-06,0.4810704960835509,0
Amy Dixon,insider,0.030979484,2.048616712158058e-06,0.4810704960835509,0
Uragasainareddy Medapati,insider,0.030979484,2.048616712158058e-06,0.4810704960835509,0
Pankaj Tagra,insider,0.030979484,2.048616712158058e-06,0.4810704960835509,0
Ateet Jayaswal,insider,0.030979484,2.048616712158058e-06,0.4810704960835509,0
Nitin S Narkhede,insider,0.030979484,2.048616712158058e-06,0.4810704960835509,0
Renu Jain jointly with Dinesh Jain,insider,0.030979484,2.048616712158058e-06,0.4810704960835509,0
Sudip Kumar Lahiri,insider,0.030979484,2.048616712158058e-06,0.4810704960835509,0
Caroline Monfrais,insider,0.030979484,2.048616712158058e-06,0.4810704960835509,0
Mohamed Hamzeh,insider,0.030979484,2.048616712158058e-06,0.4810704960835509,0
Amit Choudhary,insider,0.030979484,2.048616712158058e-06,0.4810704960835509,0
Semra Barutchu,insider,0.030979484,2.048616712158058e-06,0.4810704960835509,0
Inderpreet Sawhney,insider,0.030979484,2.048616712158058e-06,0.4810704960835509,0
Bryan Dixon,insider,0.030979484,2.048616712158058e-06,0.4810704960835509,0
NAVIN SABHARWAL,insider,0.030979484,2.048616712158058e-06,0.4810704960835509,0
Baskaran Subramaniam,insider,0.030979484,2.048616712158058e-06,0.4810704960835509,0
Srinivas Lakkaraju,insider,0.030979484,2.048616712158058e-06,0.4810704960835509,0
Pramod Subhaschandra Gajakosh,insider,0.030979484,2.048616712158058e-06,0.4810704960835509,0
Warren Zambelli,insider,0.030979484,2.048616712158058e-06,0.4810704960835509,0
Prazim Trading And Investment Company Pvt Ltd,insider,0.030979484,2.048616712158058e-06,0.4810704960835509,0
Vipin Verma,insider,0.030979484,2.048616712158058e-06,0.4810704960835509,0
Jennifer Patience McClennan,insider,0.030979484,2.048616712158058e-06,0.4810704960835509,0
DURGA PRASAD KANCHERLA,insider,0.030979484,2.048616712158058e-06,0.4810704960835509,0
Tish Atchison,insider,0.030979484,2.048616712158058e-06,0.4810704960835509,0
Laxminath Gopisetty,insider,0.030979484,2.048616712158058e-06,0.4810704960835509,0
Satya Prakash Singh,insider,0.030979484,2.048616712158058e-06,0.4810704960835509,0
Muthukumar Rethinakaleeswaran,insider,0.030979484,2.048616712158058e-06,0.4810704960835509,0
Andrew Duncan,insider,0.030979484,2.048616712158058e-06,0.4810704960835509,0
Raymond Mitchell,insider,0.030979484,2.048616712158058e-06,0.4810704960835509,0
RAGHAVAN SUNDARARAJAN,insider,0.030979484,2.048616712158058e-06,0.4810704960835509,0
D. Dilip Kumar,insider,0.030979484,2.048616712158058e-06,0.4810704960835509,0
CHANDRARAJ RAMACHANDRAN,insider,0.030979484,2.048616712158058e-06,0.4810704960835509,0
Rahul Mohta,insider,0.030979484,2.048616712158058e-06,0.4810704960835509,0
Ruchir,insider,0.030979484,2.048616712158058e-06,0.4810704960835509,0
Chris Smith,insider,0.030979484,2.048616712158058e-06,0.4810704960835509,0
SURYA PAWAN KUMAR VADAPALLI,insider,0.030979484,2.048616712158058e-06,0.4810704960835509,0
Sandeep Jhawar,insider,0.030979484,2.048616712158058e-06,0.4810704960835509,0
MURALI A,insider,0.030979484,2.048616712158058e-06,0.4810704960835509,0
C Swamynathan,insider,0.030979484,2.048616712158058e-06,0.4810704960835509,0
Saurabh Kumar,insider,0.030979484,2.048616712158058e-06,0.4810704960835509,0
Hemant Lamba,insider,0.030979484,2.048616712158058e-06,0.4810704960835509,0
PRAVEEN KV,insider,0.030979484,2.048616712158058e-06,0.4810704960835509,0
PRAVEEN SETH,insider,0.030979484,2.048616712158058e-06,0.4810704960835509,0
Nirvaan Family Trust Sunaina Kejriwal,insider,0.030979484,2.048616712158058e-06,0.4810704960835509,0
Ajay S Bhandari,insider,0.030979484,2.048616712158058e-06,0.4810704960835509,0
TITAN EMPLOYEE STOCK OPTION TRUST,insider,0.030979484,2.048616712158058e-06,0.4810704960835509,0
Anant Raghavendra Adya,insider,0.030979484,2.048616712158058e-06,0.4810704960835509,0
Ameer Saithu,insider,0.030979484,2.048616712158058e-06,0.4810704960835509,0
VIJAY REDDY TARIMELA,insider,0.030979484,2.048616712158058e-06,0.4810704960835509,0
Banwari Lal Bohra,insider,0.030979484,2.048616712158058e-06,0.4810704960835509,0
Alan Flower,insider,0.030979484,2.048616712158058e-06,0.4810704960835509,0
Gaurav Khosla,insider,0.030979484,2.048616712158058e-06,0.4810704960835509,0
Mazher Topiwala,insider,0.030979484,2.048616712158058e-06,0.4810704960835509,0
PARTHA SARADHI MARELLA,insider,0.030979484,2.048616712158058e-06,0.4810704960835509,0
Satyanarayana Gouri Noupada,insider,0.030979484,2.048616712158058e-06,0.4810704960835509,0
Narendra Bhat,insider,0.030979484,2.048616712158058e-06,0.4810704960835509,0
Vinod Anjan Tete,insider,0.030979484,2.048616712158058e-06,0.4810704960835509,0
Anand Vemuganti,insider,0.030979484,2.048616712158058e-06,0.4810704960835509,0
David Keene,insider,0.030979484,2.048616712158058e-06,0.4810704960835509,0
Rajan Wadhwa,insider,0.030979484,2.048616712158058e-06,0.4810704960835509,0
Ankit Anjaria,insider,0.030979484,2.048616712158058e-06,0.4810704960835509,0
Suzanne Dann,insider,0.030979484,2.048616712158058e-06,0.4810704960835509,0
Kiran M R,insider,0.030979484,2.048616712158058e-06,0.4810704960835509,0
SHOBHA AGARWAL,insider,0.030979484,2.048616712158058e-06,0.4810704960835509,0
VIKRANT DHAWAN,insider,0.030979484,2.048616712158058e-06,0.4810704960835509,0
Rishad  Azim Premji,insider,0.030979484,2.048616712158058e-06,0.4810704960835509,0
GUNAMANI RAJAGOPAL,insider,0.030979484,2.048616712158058e-06,0.4810704960835509,0
Ashiq Hassanali,insider,0.030979484,2.048616712158058e-06,0.4810704960835509,0
Vijay Mallya,insider,0.030979484,2.048616712158058e-06,0.4810704960835509,0
Jayachandran Nair,insider,0.030979484,2.048616712158058e-06,0.4810704960835509,0
Vineet Ved Prakash Sood,insider,0.030979484,2.048616712158058e-06,0.4810704960835509,0
Anand Swamy,insider,0.030979484,2.048616712158058e-06,0.4810704960835509,0
PIYUSH SAXENA,insider,0.030979484,2.048616712158058e-06,0.4810704960835509,0
Kiran Nadar Museum of Art,insider,0.030979484,2.048616712158058e-06,0.4810704960835509,0
HARSHDEEP ARORA,insider,0.030979484,2.048616712158058e-06,0.4810704960835509,0
Richard Magner,insider,0.030979484,2.048616712158058e-06,0.4810704960835509,0
C. Jayaram,insider,0.030979484,2.048616712158058e-06,0.4810704960835509,0
Sikka Ports & Terminals Limited,insider,0.030979484,2.048616712158058e-06,0.4810704960835509,0
Vijay Mulbagal,insider,0.030979484,2.048616712158058e-06,0.4810704960835509,0
Subhro Mallik,insider,0.030979484,2.048616712158058e-06,0.4810704960835509,0
Harshdeep Arora,insider,0.030979484,2.048616712158058e-06,0.4810704960835509,0
Ashley Steele,insider,0.030979484,2.048616712158058e-06,0.4810704960835509,0
RISHI KUMAR,insider,0.030979484,2.048616712158058e-06,0.4810704960835509,0
SHRIKANTH SHETTY,insider,0.030979484,2.048616712158058e-06,0.4810704960835509,0
Rupa Equities Private Limited,insider,0.030979484,2.048616712158058e-06,0.4810704960835509,0
Kim Watson,insider,0.030979484,2.048616712158058e-06,0.4810704960835509,0
Satish Y,insider,0.030979484,2.048616712158058e-06,0.4810704960835509,0
Deepa Nittur,insider,0.030979484,2.048616712158058e-06,0.4810704960835509,0
James Pickett,insider,0.030979484,2.048616712158058e-06,0.4810704960835509,0
Anand Bhat,insider,0.030979484,2.048616712158058e-06,0.4810704960835509,0
Kiran Jhawar,insider,0.030979484,2.048616712158058e-06,0.4810704960835509,0
Ankush Srivastava,insider,0.030979484,2.048616712158058e-06,0.4810704960835509,0
Genine Mikucki,insider,0.030979484,2.048616712158058e-06,0.4810704960835509,0
RIYA VARMA,insider,0.030979484,2.048616712158058e-06,0.4810704960835509,0
Raja Madhusudan Shah,insider,0.030979484,2.048616712158058e-06,0.4810704960835509,0
Debrup Ghosh,insider,0.030979484,2.048616712158058e-06,0.4810704960835509,0
VINOD ANJAN TETE,insider,0.030979484,2.048616712158058e-06,0.4810704960835509,0
Sandeep Rajpathak,insider,0.030979484,2.048616712158058e-06,0.4810704960835509,0
SHANKAR GOPALKRISHNAN,insider,0.030979484,2.048616712158058e-06,0.4810704960835509,0
Matthias Peter,insider,0.030979484,2.048616712158058e-06,0.4810704960835509,0
Umesh Tejwani,insider,0.030979484,2.048616712158058e-06,0.4810704960835509,0
Puneet Das,insider,0.030979484,2.048616712158058e-06,0.4810704960835509,0
Mitrankur Majumdar,insider,0.030979484,2.048616712158058e-06,0.4810704960835509,0
Manish Anand,insider,0.030979484,2.048616712158058e-06,0.4810704960835509,0
Anudeep Kambhampati,insider,0.030979484,2.048616712158058e-06,0.4810704960835509,0
Robert Meier,insider,0.030979484,2.048616712158058e-06,0.4810704960835509,0
Tony Buffomante,insider,0.030979484,2.048616712158058e-06,0.4810704960835509,0
Shikha Sharma,insider,0.030979484,2.048616712158058e-06,0.4810704960835509,0
Susan Kenniston,insider,0.030979484,2.048616712158058e-06,0.4810704960835509,0
Suzanne Dan,insider,0.030979484,2.048616712158058e-06,0.4810704960835509,0
Rajinder Babbar,insider,0.030979484,2.048616712158058e-06,0.4810704960835509,0
Sudip Lahiri,insider,0.030979484,2.048616712158058e-06,0.4810704960835509,0
Umashankar Lakshmipathy,insider,0.030979484,2.048616712158058e-06,0.4810704960835509,0
GOUTAM RUNGTA,insider,0.030979484,2.048616712158058e-06,0.4810704960835509,0
Madhur Securities Private Limited,insider,0.030979484,2.048616712158058e-06,0.4810704960835509,0
Sarika Mahajan,insider,0.030979484,2.048616712158058e-06,0.4810704960835509,0
Rushabh Gala,insider,0.030979484,2.048616712158058e-06,0.4810704960835509,0
Partha Saradhi Marella,insider,0.030979484,2.048616712158058e-06,0.4810704960835509,0
Arvindh Kumar Sampath,insider,0.030979484,2.048616712158058e-06,0.4810704960835509,0
Shanker Bhasker Udyaver,insider,0.030979484,2.048616712158058e-06,0.4810704960835509,0
Raghav Agarwal,insider,0.030979484,2.048616712158058e-06,0.4810704960835509,0
Frank Clark II,insider,0.030979484,2.048616712158058e-06,0.4810704960835509,0
Arvind Kapil,insider,0.030979484,2.048616712158058e-06,0.4810704960835509,0
SEN DK,insider,0.030979484,2.048616712158058e-06,0.4810704960835509,0
Wagner Jesus,insider,0.030979484,2.048616712158058e-06,0.4810704960835509,0
Benjamin Frank,insider,0.030979484,2.048616712158058e-06,0.4810704960835509,0
Geraldine Chaffard,insider,0.030979484,2.048616712158058e-06,0.4810704960835509,0
Vimal Gupta,insider,0.030979484,2.048616712158058e-06,0.4810704960835509,0
Umung Varma,insider,0.030979484,2.048616712158058e-06,0.4810704960835509,0
Mohamad Hamzeh,insider,0.030979484,2.048616712158058e-06,0.4810704960835509,0
Jaimin Bhatt,insider,0.030979484,2.048616712158058e-06,0.4810704960835509,0
Patrick Aghanian,insider,0.030979484,2.048616712158058e-06,0.4810704960835509,0
ANIL KHANDUJA,insider,0.030979484,2.048616712158058e-06,0.4810704960835509,0
Hideyuki Aoki,insider,0.030979484,2.048616712158058e-06,0.4810704960835509,0
Anil Kumar Gelara,insider,0.030979484,2.048616712158058e-06,0.4810704960835509,0
GANGEYA PURUSHOTTAM,insider,0.030979484,2.048616712158058e-06,0.4810704960835509,0
D Kannan,insider,0.030979484,2.048616712158058e-06,0.4810704960835509,0
Chakrapani Venkatachari,insider,0.030979484,2.048616712158058e-06,0.4810704960835509,0
JSW Steel Employees Welfare Trust   OPJ Samruddhi ESOP Plan 2021 A/c,insider,0.030979484,2.048616712158058e-06,0.4810704960835509,0
Vijayakumaar Ramanathan,insider,0.030979484,2.048616712158058e-06,0.4810704960835509,0
